cliente_id,nombre,edad,genero,ciudad,region_id,frecuencia_compra,ultima_compra
1,Gladys Marina Jaimes,32,M,Barranquilla,4,3,2023-12-03
2,Humberto Ramírez Martínez,56,F,Cali,3,4,2023-07-16
3,Socorro Arenas,28,F,Bogotá,1,3,2023-12-28
4,Gloria Mary Rodríguez Andrade,41,M,Cali,3,1,2023-07-16
5,Patricia Benavides Gómez,41,F,Bogotá,1,2,2023-09-09
6,Bibiana Ibarra Serrano,77,M,Bogotá,1,2,2024-01-16
7,Gladis Ramírez,39,M,Medellín,2,1,2023-07-21
8,Pablo Omar Loaiza Castro,44,M,Bogotá,1,4,2024-04-26
9,José Villa Pinto,45,F,Bogotá,1,3,2023-11-25
10,Marcela Andrea Santos Gutiérrez,79,M,Bogotá,1,4,2024-03-08
11,Nelly Lina Mosquera Moreno,72,F,Bogotá,1,2,2024-05-01
12,Paola Milena Parra,54,M,Medellín,2,4,2023-09-21
13,Cecilia Cecilia Jiménez Perdomo,56,F,Bogotá,1,3,2024-03-03
14,Alexander Orlando Valencia,31,F,Cartagena,5,4,2024-01-03
15,María Guzmán,70,F,Medellín,2,2,2023-07-09
16,Luz Vásquez,77,M,Medellín,2,4,2024-03-02
17,Luz María Salas,64,M,Medellín,2,4,2023-09-23
18,Jean Antonio Suárez,67,F,Medellín,2,2,2024-02-02
19,Alfredo Granados,23,F,Medellín,2,4,2024-05-18
20,Jesús Edilberto López,46,M,Cali,3,2,2024-03-20
21,Olga León Vélez,51,F,Barranquilla,4,2,2024-05-22
22,Manuel Díaz Marín,48,F,Cartagena,5,2,2024-02-13
23,Julieth Ángela Solano,40,F,Bogotá,1,3,2024-04-27
24,Liliana Marcela Fonseca,38,F,Cartagena,5,1,2024-01-13
25,Andrés Víctor Castro Mendoza,70,F,Medellín,2,1,2024-04-11
26,Andrés Luis Páez Gómez,77,F,Cartagena,5,2,2024-04-23
27,Sandra Medina Castillo,32,M,Bogotá,1,1,2023-07-16
28,Marcela Sandra Cardona,26,F,Bogotá,1,1,2023-10-18
29,José Ortiz,41,M,Bogotá,1,1,2023-09-12
30,Alfonso Ariza,25,M,Bogotá,1,3,2023-09-25
31,Natalia Garcés,22,F,Barranquilla,4,3,2023-12-24
32,Anderson Álvarez,45,M,Cali,3,3,2024-01-15
33,Nancy González,51,M,Cali,3,1,2024-02-28
34,Luz Cecilia Camacho Castillo,79,F,Medellín,2,4,2024-03-07
35,Liliana Agudelo,57,F,Barranquilla,4,1,2023-11-01
36,Andrés Romero,52,M,Cali,3,3,2023-10-27
37,Efrain Valencia,18,M,Barranquilla,4,3,2024-03-17
38,William Sánchez,31,M,Medellín,2,2,2023-08-22
39,Yéssica Carvajal,32,F,Medellín,2,3,2023-10-08
40,Gabriel Christian Hernández,68,M,Medellín,2,2,2023-12-01
41,Pilar Sánchez,69,M,Cali,3,4,2023-07-22
42,Rodrigo Ramírez Durán,54,M,Cali,3,4,2023-08-22
43,Erika Katherine Mora,60,M,Medellín,2,3,2024-02-08
44,Fernanda Pérez,24,M,Cartagena,5,4,2023-12-23
45,Álvaro Santiago Suárez López,19,F,Bogotá,1,3,2023-07-19
46,William Miguel Quintero Vallejo,70,F,Medellín,2,1,2024-05-20
47,Elías Rico López,61,F,Barranquilla,4,4,2024-02-19
48,Juan Mauricio Salazar Fernández,75,M,Cartagena,5,2,2023-08-31
49,Cristian Andrés Moreno,79,M,Medellín,2,4,2023-12-23
50,Diego Gutiérrez,79,M,Bogotá,1,1,2024-03-02
51,Enrique Álvarez Mosquera,20,M,Medellín,2,4,2024-02-09
52,Sergio Méndez,26,F,Medellín,2,2,2024-05-30
53,Alexandra Ballesteros,59,F,Cali,3,1,2023-09-15
54,Jorge Guzmán,71,F,Cartagena,5,4,2023-07-26
55,Fabio Ortiz,69,M,Cali,3,4,2024-02-28
56,Jesús Guzmán López,69,F,Cartagena,5,2,2023-07-24
57,Patricia Martha Acosta,20,M,Cali,3,2,2023-06-19
58,Eduar Jhon García Agudelo,34,M,Medellín,2,1,2023-06-05
59,Patricia Suárez Castaño,45,F,Cartagena,5,1,2023-06-20
60,Sandra Luz Ángel,50,M,Medellín,2,3,2024-01-11
61,Robinson Jhon Díaz,70,F,Cali,3,3,2024-04-10
62,Johanna Marín Valderrama,49,M,Cartagena,5,2,2023-12-30
63,José Ramos Cardona,73,M,Bogotá,1,4,2023-09-12
64,Julián Vargas,41,M,Barranquilla,4,1,2023-08-05
65,Jeison Diego Contreras Carrillo,39,M,Cartagena,5,4,2023-09-30
66,María Mosquera,50,M,Bogotá,1,3,2023-06-27
67,Ana Martínez Mendoza,33,M,Medellín,2,4,2023-08-07
68,Andrés Narváez Burgos,76,F,Cali,3,3,2024-01-30
69,Eduardo Pérez Moreno,36,F,Barranquilla,4,3,2023-09-11
70,Flor Álvarez Rangel,58,M,Bogotá,1,4,2023-10-30
71,Diana María Sánchez Caballero,35,F,Medellín,2,4,2024-03-27
72,Lilia Nohora Arrieta,74,M,Cali,3,1,2023-08-05
73,Andrea Catherine Forero Delgado,47,F,Cartagena,5,2,2023-10-19
74,Alonso Pérez,33,F,Bogotá,1,3,2024-04-15
75,Patricia Tamayo,77,M,Cali,3,4,2024-05-14
76,Edinson Sánchez Chávez,79,F,Cartagena,5,2,2023-10-03
77,Edison Steven Jaimes,76,M,Cartagena,5,1,2023-08-03
78,Carolina Rivera Hernández,36,F,Medellín,2,1,2023-09-09
79,Johana Zuluaga Soto,71,F,Barranquilla,4,8,2025-01-26
80,Johan Armando Molina,28,M,Cali,3,5,2025-04-13
81,Argemiro Rosero Serna,57,F,Barranquilla,4,14,2024-10-23
82,Ana Lucía Salazar Castellanos,42,M,Medellín,2,7,2025-02-05
83,Manuel Chaparro Agudelo,63,F,Bogotá,1,15,2025-04-25
84,Adriana Elena Agudelo,33,M,Cali,3,7,2025-03-19
85,Yenny Elizabeth Torres Barreto,21,M,Bogotá,1,15,2025-03-15
86,Juan Ospina Camacho,73,F,Bogotá,1,10,2025-05-22
87,Manuela Lizeth Salamanca,34,F,Barranquilla,4,14,2025-05-22
88,Isabel Olga Angulo,76,M,Cali,3,6,2024-12-10
89,Harold Gaitán,63,F,Medellín,2,12,2024-12-24
90,Luz Aguilar,68,F,Cartagena,5,11,2024-06-11
91,Elsy Isabel Duque,51,M,Cali,3,13,2024-08-28
92,Alejandra Chávez Cárdenas,50,M,Cali,3,5,2024-12-28
93,Luis Alberto Guzmán,66,F,Cali,3,8,2025-03-06
94,Fabio López,47,M,Cartagena,5,5,2025-01-27
95,María Gloria Velásquez Ramírez,77,M,Cartagena,5,11,2024-06-20
96,Óscar Juan Castro,66,F,Cartagena,5,11,2024-08-24
97,Rosa López Delgado,77,M,Cali,3,10,2024-06-24
98,Maritza Consuelo Palacios,38,F,Medellín,2,9,2025-03-13
99,Luis Leonardo Escobar,20,F,Medellín,2,12,2024-11-05
100,Felipe Villa,48,F,Cali,3,7,2025-04-22
101,Armando Jhon Rojas,63,F,Cartagena,5,16,2025-02-19
102,José Gómez Carvajal,39,M,Cali,3,6,2024-12-10
103,Diana Gutiérrez Sierra,59,F,Medellín,2,6,2025-02-26
104,Albeiro Dario Díaz Palacio,50,M,Barranquilla,4,16,2024-11-03
105,Sergio Jaramillo,46,F,Medellín,2,11,2024-09-22
106,Astrid Ramírez Beltrán,67,M,Medellín,2,13,2025-01-15
107,Oswaldo José Velasco,75,M,Cartagena,5,15,2024-07-03
108,Vanessa Paola Sepúlveda,37,M,Cali,3,15,2024-07-18
109,Carolina Yolanda Rodríguez,33,F,Cali,3,13,2025-03-18
110,Valentina Moreno García,45,F,Medellín,2,9,2024-06-03
111,Clara Ramírez Restrepo,39,M,Medellín,2,7,2024-10-17
112,Manuel Juan Villa,79,M,Bogotá,1,14,2025-01-17
113,Victoria Alejandra Reyes Aguirre,39,M,Cali,3,11,2024-09-02
114,Jorge Daniel Nieto Arboleda,32,F,Bogotá,1,8,2025-01-22
115,Fernando Eduard Díaz,70,F,Medellín,2,10,2025-04-02
116,Diego Figueroa Guzmán,23,M,Medellín,2,11,2024-09-27
117,Laura Beatriz Palacios,52,M,Medellín,2,9,2025-05-15
118,Cecilia Ordóñez Villamizar,30,F,Barranquilla,4,13,2024-08-07
119,Pedro Ortiz,34,F,Medellín,2,16,2024-08-23
120,Jesús Gómez,72,F,Medellín,2,9,2025-02-25
121,Pedro Norberto Melo Vélez,79,M,Bogotá,1,10,2024-08-16
122,Juan Caballero Parra,18,F,Cali,3,16,2024-07-01
123,Omar Orozco,51,F,Bogotá,1,17,2024-11-18
124,Elizabeth Margarita Trujillo Patiño,57,M,Barranquilla,4,10,2025-04-26
125,Francisco Rivera,78,M,Cali,3,11,2024-07-20
126,Lucía Romero Rojas,72,M,Cali,3,11,2025-01-08
127,Edwin Héctor Arango Burgos,54,F,Medellín,2,16,2025-05-02
128,Andrea Ramírez Narváez,45,M,Medellín,2,14,2025-02-16
129,Camilo González Rueda,79,F,Medellín,2,6,2024-06-05
130,Elías Ortiz,43,F,Medellín,2,10,2025-04-05
131,José David Trujillo Hernández,50,F,Medellín,2,10,2025-01-02
132,Patricia Nayibe Rodríguez,27,F,Medellín,2,10,2025-05-01
133,Luz Mónica Benavides Quintero,69,M,Cartagena,5,11,2024-10-02
134,Dahiana Elsa Ospina,75,F,Cali,3,17,2024-08-19
135,Johanna Guevara Triana,62,F,Cali,3,5,2024-12-17
136,Mariana Uribe López,19,M,Cartagena,5,14,2024-11-26
137,María Lidia Ortiz Hoyos,67,M,Cali,3,9,2025-05-05
138,Miguel Johan Vargas,68,M,Medellín,2,6,2025-04-07
139,Edilberto Ángel Navarro,18,M,Cali,3,11,2024-11-13
140,Luis Andrés Sánchez,61,M,Cartagena,5,13,2024-07-04
141,Rocío Paola Rodríguez,67,M,Bogotá,1,7,2025-04-29
142,Danilo Corredor,25,M,Bogotá,1,13,2025-01-03
143,Adalberto León Mesa Gallego,79,F,Cali,3,15,2024-08-25
144,Augusto Luis Castro,21,F,Medellín,2,8,2024-08-29
145,Isabel Karen Villamizar,28,M,Medellín,2,10,2024-11-25
146,Mónica Ospina López,38,M,Barranquilla,4,14,2025-05-03
147,Stella Mosquera Naranjo,54,M,Cali,3,15,2024-08-16
148,Omar Castellanos,66,M,Barranquilla,4,13,2024-12-01
149,Rosa Díaz,56,F,Medellín,2,9,2025-01-11
150,José Bonilla,49,M,Barranquilla,4,13,2025-04-19
151,Esperanza Paola Bravo,40,M,Cali,3,6,2025-02-07
152,Estela Herrera Pérez,34,M,Bogotá,1,8,2024-12-22
153,Jackeline Elvira Portilla Tovar,39,M,Barranquilla,4,10,2025-03-05
154,Carlos Augusto Ramírez Silva,29,M,Medellín,2,8,2024-11-17
155,Alba Zapata Torres,26,M,Barranquilla,4,14,2025-05-17
156,Leonor Mary Correa Moreno,64,F,Cali,3,10,2024-11-01
157,Alba Gamboa,29,M,Bogotá,1,11,2025-01-31
158,Andrés Mosquera,53,M,Cali,3,8,2025-02-17
159,Milena Salazar,56,M,Barranquilla,4,13,2025-01-31
160,Luz Gutiérrez,56,F,Medellín,2,9,2025-03-01
161,Nelly Mercedes Bautista Jiménez,40,M,Medellín,2,17,2025-01-02
162,Nelson José Reyes González,26,F,Cartagena,5,7,2025-01-28
163,Patricia Espinosa Gómez,78,F,Cali,3,15,2025-04-17
164,Andrés Yeison Sierra Benavides,57,F,Medellín,2,13,2025-01-12
165,Sandra Mora Murcia,75,F,Barranquilla,4,15,2024-07-19
166,Carlos Moreno,55,M,Medellín,2,10,2024-11-28
167,Jimena Bravo,18,F,Medellín,2,15,2024-09-25
168,María Gómez,24,M,Medellín,2,9,2025-01-12
169,Amparo Ángela Muñoz,77,M,Medellín,2,9,2025-01-05
170,Marta Ávila,71,M,Barranquilla,4,8,2024-11-25
171,Miguel Germán Jiménez Palacio,56,F,Cartagena,5,17,2025-02-19
172,Albeiro Molina,67,F,Medellín,2,7,2024-07-02
173,Viviana Franco Mesa,25,M,Barranquilla,4,16,2025-02-22
174,Alfonso García Ortiz,20,M,Barranquilla,4,16,2024-06-01
175,Cristina Pérez Díaz,66,M,Medellín,2,15,2025-05-18
176,Isabel Espitia Zapata,70,F,Medellín,2,14,2024-09-04
177,Luis Dario Ortiz,49,M,Bogotá,1,16,2024-12-18
178,Andrea Paola Jiménez,38,M,Bogotá,1,10,2025-01-22
179,Fabián Brayan Guevara Restrepo,36,F,Medellín,2,10,2024-12-06
180,John Steven Zapata,58,M,Medellín,2,15,2024-06-02
181,David Marino Ruiz,71,M,Cali,3,6,2025-04-02
182,Diana Franco Bermúdez,29,F,Bogotá,1,12,2024-11-04
183,Jorge Jaramillo,41,F,Medellín,2,13,2024-10-17
184,Hernando Hernández Silva,45,F,Medellín,2,9,2024-10-26
185,Ángela Toro,77,F,Medellín,2,17,2025-02-11
186,Ibeth Luz Álvarez Ortiz,44,F,Cartagena,5,10,2024-09-21
187,Jesús Gamboa Melo,70,F,Medellín,2,6,2025-02-15
188,Alexis Alexander García,35,M,Barranquilla,4,8,2024-07-07
189,Juan Valderrama,19,F,Cali,3,9,2024-07-28
190,Andrés Jefferson Bolaños,76,M,Barranquilla,4,13,2024-07-05
191,Jhonny Moreno,50,F,Bogotá,1,11,2024-10-30
192,Nelson Herrera Daza,64,M,Medellín,2,5,2024-07-29
193,Karol Esperanza López Barreto,42,F,Barranquilla,4,10,2025-04-29
194,Carmen Patricia Uribe Salazar,51,M,Barranquilla,4,6,2024-09-19
195,Óscar Miguel Jiménez Gutiérrez,38,F,Bogotá,1,8,2024-11-15
196,Carlos Alberto Ramos,34,M,Barranquilla,4,13,2025-02-21
197,Claudia Quintero Parra,70,M,Cartagena,5,11,2025-01-29
198,Sonia Laura Mesa Carmona,27,F,Barranquilla,4,11,2024-10-17
199,Dario Daniel Caicedo,31,M,Medellín,2,7,2024-06-29
200,Fabio Ordóñez,30,F,Cartagena,5,5,2024-09-20
201,Fernando Valencia Vanegas,49,F,Cali,3,5,2024-11-16
202,Nelly Cristina Guevara Chaparro,75,F,Bogotá,1,14,2025-04-01
203,Hugo Vargas,76,F,Barranquilla,4,11,2025-01-15
204,Luis Emilio Vélez Giraldo,22,F,Cali,3,6,2025-01-09
205,Mario Cuesta,64,M,Cali,3,15,2024-08-11
206,Edgardo Sánchez Alvarado,19,M,Cali,3,11,2024-10-27
207,Esteban Díaz Ocampo,77,F,Cartagena,5,7,2024-07-17
208,Gladys Luisa Acevedo,35,F,Cali,3,11,2024-11-29
209,Roger Gómez,69,M,Cartagena,5,8,2024-06-28
210,Andrés Leonardo Reyes García,32,F,Medellín,2,12,2024-12-26
211,Eugenia Villamil,34,M,Medellín,2,12,2024-08-31
212,Vanessa Blanca Giraldo,34,F,Medellín,2,9,2024-12-14
213,Angie Yenny Ruiz,41,M,Medellín,2,5,2024-12-07
214,José Mercado,19,M,Cali,3,7,2025-03-26
215,Carlos Felipe Correa,40,M,Cali,3,8,2025-03-21
216,Sandra Ana Mejía Zapata,21,F,Cali,3,11,2025-05-19
217,Ana Dayana Niño García,20,F,Medellín,2,10,2025-04-15
218,Uriel Cristobal Gómez Castro,49,F,Medellín,2,8,2025-04-05
219,Alejandro Núñez Zapata,38,M,Bogotá,1,17,2024-08-13
220,Dagoberto Elver Forero,78,F,Medellín,2,7,2024-08-17
221,Juliana Sofía Mejía Garzón,22,M,Cali,3,9,2025-05-01
222,Luz Pérez Díaz,66,F,Cartagena,5,18,2024-08-08
223,Jean Miguel Hernández,26,F,Cali,3,17,2025-01-17
224,Libia Ana Romero Moreno,39,M,Medellín,2,16,2024-06-08
225,Camilo Manuel Yepes,65,M,Barranquilla,4,15,2024-06-18
226,Stella Guzmán Sarmiento,18,F,Medellín,2,6,2024-11-30
227,Elena Ordóñez,69,M,Cali,3,5,2024-07-24
228,Emilio Gallego Ariza,43,F,Medellín,2,14,2025-01-06
229,Samuel Alberto Ramírez,19,M,Cali,3,12,2025-01-31
230,Andrés Javier Rincón Herrera,73,M,Bogotá,1,16,2024-07-05
231,Claudia Acevedo,40,F,Cali,3,12,2024-06-19
232,Enrique Arturo Vargas,52,M,Medellín,2,7,2024-12-26
233,Orlando Escobar Peña,45,F,Barranquilla,4,16,2025-02-22
234,William Eduardo Arias Álvarez,56,F,Medellín,2,12,2024-08-16
235,Luz Velásquez Cáceres,42,M,Cali,3,17,2024-09-24
236,Junior Ortiz,27,M,Medellín,2,9,2025-01-15
237,Jessica Andrea Gaviria Restrepo,64,F,Medellín,2,15,2024-10-24
238,Carlos Giovanni Barreto Castro,25,F,Cali,3,12,2024-09-05
239,Emilse Anaya,59,M,Cali,3,6,2024-08-28
240,Héctor Serrano,43,F,Medellín,2,10,2025-05-01
241,María Marcela Amaya Valencia,76,M,Medellín,2,7,2025-04-28
242,Nelcy María González Ortiz,50,M,Cali,3,11,2024-11-01
243,Deyanira Rangel,23,M,Bogotá,1,11,2024-08-27
244,Ligia Liliana Córdoba,79,F,Barranquilla,4,10,2024-11-25
245,Camilo Hernán Gómez Guzmán,72,M,Cartagena,5,14,2024-12-05
246,Nel Arévalo,54,F,Bogotá,1,8,2024-09-07
247,Rubén Alejandro Franco,19,F,Bogotá,1,14,2024-07-18
248,Nayibe Karen Ojeda,71,M,Bogotá,1,8,2025-04-27
249,Víctor Alfonso Beltrán,79,M,Barranquilla,4,14,2025-01-09
250,Dayana Rodríguez,25,F,Cali,3,7,2025-03-27
251,Vanesa Santos Becerra,22,F,Barranquilla,4,8,2024-11-01
252,Gladys Daza,36,F,Medellín,2,15,2025-04-29
253,Francisco Martínez,29,M,Barranquilla,4,6,2024-09-23
254,David Castaño Guerrero,55,M,Cali,3,5,2024-08-23
255,Paola Bertha Gutiérrez Murillo,20,M,Medellín,2,9,2025-05-18
256,Jorge Óscar Alzate Vega,27,M,Medellín,2,12,2024-07-26
257,Fabián José Rojas Daza,19,M,Cali,3,13,2025-02-21
258,Luis Vera Chacón,18,M,Barranquilla,4,13,2024-11-21
259,Steven Ramos Mendoza,26,M,Bogotá,1,10,2025-03-13
260,Elena Rocío Torres,52,F,Cali,3,15,2025-01-03
261,Mauricio Ospina,77,F,Barranquilla,4,5,2024-11-03
262,Juan Iván Díaz,73,M,Bogotá,1,7,2025-05-05
263,Luis Galindo,52,M,Bogotá,1,15,2024-10-29
264,Liliana García,39,F,Barranquilla,4,5,2024-09-13
265,Lucía Castillo Tovar,54,F,Barranquilla,4,14,2024-10-23
266,Christian Luis Mora,22,M,Bogotá,1,8,2024-06-16
267,Andrea Estela Hernández,42,M,Cartagena,5,17,2025-01-25
268,Andrea Barrera,57,F,Medellín,2,15,2024-09-21
269,Daniel Francisco Mendoza,49,M,Barranquilla,4,13,2024-07-07
270,Jaime Gómez,32,M,Cali,3,11,2025-05-28
271,Lilia Ruiz,64,M,Medellín,2,15,2025-01-06
272,Valentina Ortiz Rodríguez,57,F,Cali,3,7,2025-01-04
273,Antonio Villa,23,F,Cali,3,8,2025-02-02
274,Flor Andrea Morales,25,F,Cali,3,8,2025-03-21
275,Carolina Mejía Villamizar,46,M,Barranquilla,4,9,2025-05-27
276,Geraldine Ramírez,44,F,Barranquilla,4,8,2025-05-06
277,Diana Martínez Duque,78,M,Barranquilla,4,11,2024-06-29
278,Lina Alejandra Romero Carmona,21,F,Bogotá,1,14,2025-03-19
279,Alejandro Martín Jaramillo Valderrama,76,F,Barranquilla,4,7,2024-11-23
280,Edinson Mena Ardila,30,M,Bogotá,1,5,2025-01-06
281,Cecilia Luisa García,69,F,Medellín,2,9,2025-03-31
282,Manuel Manuel Rivera Ardila,64,F,Bogotá,1,13,2024-06-05
283,Ximena Mónica Mejía Mora,68,M,Bogotá,1,7,2025-01-21
284,Nidia Clara Galvis González,60,M,Cali,3,10,2025-04-21
285,Yanet Herrera Rojas,79,F,Barranquilla,4,11,2025-04-26
286,Constanza Aida Suárez Díaz,25,M,Cali,3,14,2025-04-28
287,Luis Edwin Ramírez,29,F,Cartagena,5,15,2024-10-15
288,Yaneth Rubiela Solano,42,M,Medellín,2,15,2024-10-28
289,Antonio Segundo Vanegas,29,F,Barranquilla,4,14,2025-02-02
290,Luz Arenas Rodríguez,22,F,Cartagena,5,9,2024-12-31
291,Mariana Liliana Forero Marín,59,M,Barranquilla,4,11,2024-11-22
292,Cecilia Angie Ospina Mosquera,68,M,Bogotá,1,17,2024-11-10
293,María Rocío Bravo,28,M,Barranquilla,4,13,2024-09-07
294,Inés Cifuentes Vera,38,F,Bogotá,1,6,2024-10-13
295,Yeison Carrillo Leal,74,M,Bogotá,1,9,2025-02-17
296,Wilmer Ríos Mosquera,57,M,Medellín,2,12,2024-12-08
297,María Pérez Gómez,70,M,Medellín,2,11,2025-04-05
298,Hermes Elvis Mena,70,F,Barranquilla,4,15,2024-09-20
299,Eugenia Esther Benítez Fajardo,69,M,Bogotá,1,14,2024-11-08
300,Eliecer Alcides Amaya,19,M,Cartagena,5,15,2025-05-06
301,Liliana Lucy González,44,M,Medellín,2,7,2025-04-30
302,Blanca González,42,M,Medellín,2,8,2024-06-15
303,William López,41,M,Medellín,2,9,2024-08-24
304,Leonardo Martínez,60,F,Barranquilla,4,6,2025-05-24
305,Rocío Paz Agudelo,38,M,Bogotá,1,15,2024-12-09
306,Luis Jefferson Hernández Giraldo,58,M,Cartagena,5,13,2024-06-24
307,Andrey Rojas Zuluaga,45,M,Medellín,2,9,2024-10-06
308,Fernanda Constanza Ramírez Ruiz,18,F,Medellín,2,14,2024-08-04
309,Ángela Angélica Niño Castro,73,M,Medellín,2,13,2025-03-05
310,Adriana Arboleda,47,F,Bogotá,1,6,2024-07-25
311,Alfredo Armando Ayala,18,F,Cali,3,13,2025-03-10
312,Alejandro Rafael Perea,19,F,Medellín,2,8,2025-03-05
313,Julián Galvis Rivera,55,M,Medellín,2,5,2025-01-24
314,Felipe Alirio Martínez Méndez,46,M,Bogotá,1,8,2025-04-08
315,Jorge Ríos,27,F,Barranquilla,4,13,2025-04-04
316,Alberto Peña Ardila,77,M,Cali,3,8,2024-08-04
317,Ana Josefina Aguirre Ramos,49,F,Cartagena,5,12,2025-03-03
318,Alberto Pablo Mora Camargo,18,M,Cali,3,13,2025-02-15
319,Elizabeth Angie Buitrago,40,M,Medellín,2,13,2025-01-06
320,Victoria Pérez Ramírez,64,M,Bogotá,1,14,2024-11-26
321,Manuel Moreno Rodríguez,45,M,Cartagena,5,7,2025-04-26
322,Miller Andrés Guerrero,49,F,Bogotá,1,13,2024-10-23
323,María Anyi Gamboa Silva,33,F,Barranquilla,4,15,2024-12-03
324,Rocío Lozano Silva,38,F,Cali,3,10,2024-11-10
325,William Rangel Duarte,24,F,Cartagena,5,13,2024-12-30
326,María Mercedes Vásquez Cifuentes,38,M,Barranquilla,4,13,2024-12-26
327,Gloria Yamile González Muñoz,77,F,Cali,3,8,2024-08-18
328,Isabel Ibarra Ramírez,22,F,Cartagena,5,6,2024-06-13
329,Walter Raúl Caballero,20,M,Barranquilla,4,15,2025-01-10
330,Claudia Martínez,22,M,Medellín,2,12,2024-06-09
331,Yaneth Cardona Valencia,26,F,Barranquilla,4,12,2024-09-29
332,Miriam Triana Gutiérrez,69,F,Medellín,2,11,2025-01-27
333,Juan Agudelo Salgado,34,F,Barranquilla,4,12,2024-12-24
334,Gustavo Hernández Angarita,40,F,Cartagena,5,15,2024-10-08
335,Carlos Camacho Mejía,34,F,Medellín,2,5,2025-01-20
336,Santiago Murillo Díaz,62,M,Cali,3,14,2025-03-13
337,Carlos Jader Paz,39,M,Bogotá,1,12,2025-04-19
338,Kevin Lozano Ariza,46,M,Bogotá,1,9,2024-06-26
339,Julia Luz Álvarez Lara,28,F,Medellín,2,7,2024-12-17
340,Fredy Antonio Pérez Muñoz,59,F,Cali,3,7,2025-02-22
341,José Bolívar Gaitán,34,M,Medellín,2,15,2025-01-07
342,Yamid Rodríguez Rentería,29,M,Medellín,2,14,2025-01-25
343,Esteban Andrés Pérez,38,M,Bogotá,1,11,2025-04-06
344,Juan Jorge García Vargas,44,F,Medellín,2,16,2025-02-04
345,David Jhon Acosta,74,M,Cali,3,7,2025-04-12
346,María Milena Gutiérrez,34,F,Cali,3,13,2025-05-05
347,Natalia Yuliana Camargo,75,F,Medellín,2,11,2024-10-21
348,Julio Alejandro Arias,60,M,Bogotá,1,6,2025-02-15
349,Carolina Gómez García,68,F,Bogotá,1,8,2024-09-28
350,Manuel Abelardo Guevara Parra,28,F,Barranquilla,4,10,2025-03-20
351,Elena Luz Torres Barrera,56,F,Barranquilla,4,10,2024-10-10
352,Esperanza Angie Hernández,72,M,Cartagena,5,8,2025-03-26
353,Diego Yair Beltrán,22,F,Cartagena,5,15,2025-02-12
354,Gloria Maritza Lara Gómez,64,F,Medellín,2,6,2024-10-22
355,Orlando Alberto Méndez,60,M,Cali,3,8,2025-01-19
356,Marcela Lorena Ortiz Osorio,19,M,Cali,3,7,2025-02-12
357,Álvaro Hernández,34,M,Bogotá,1,14,2025-01-11
358,Cecilia Ana Rincón Álvarez,57,F,Cali,3,16,2025-05-28
359,Santos González Muñoz,20,F,Medellín,2,16,2024-12-23
360,Patricia Erika Rico,68,F,Bogotá,1,10,2024-07-13
361,Fernando Paul Sierra Henao,36,M,Cali,3,12,2024-12-20
362,José Gutiérrez,27,M,Bogotá,1,5,2024-11-06
363,Jesús Carlos Pérez,29,F,Medellín,2,12,2024-10-22
364,Bayron Fernando Giraldo Fonseca,48,M,Barranquilla,4,14,2024-07-08
365,José Pineda Vera,71,F,Cali,3,5,2025-05-11
366,Estella Álvarez,35,M,Cartagena,5,11,2024-12-29
367,Edison Rincón Alvarado,43,M,Bogotá,1,15,2025-01-20
368,Ana Durán,34,M,Cali,3,16,2025-03-08
369,Teresa Monroy,75,M,Cali,3,17,2025-01-13
370,Yeison Rubén Martínez Ospino,68,F,Barranquilla,4,11,2025-02-10
371,Marina Duarte,40,M,Cartagena,5,13,2024-10-07
372,Andrea Socorro Morales,69,M,Barranquilla,4,7,2025-01-26
373,Alba María Bermúdez,59,M,Medellín,2,8,2024-10-21
374,Josefina Rodríguez Calderón,41,M,Cali,3,6,2024-09-04
375,Horacio Jesús Silva,60,F,Cartagena,5,7,2024-09-04
376,Fredy Parra Mendoza,61,M,Barranquilla,4,17,2025-05-14
377,Cecilia Paola Ruiz Gil,46,F,Cali,3,13,2025-03-18
378,Adriana Lucía Mendoza Parra,50,F,Barranquilla,4,16,2024-10-10
379,Marta Consuelo Saavedra Díaz,19,M,Barranquilla,4,15,2025-05-16
380,Verónica Uribe,47,M,Barranquilla,4,8,2025-02-21
381,José García Díaz,35,F,Bogotá,1,12,2024-09-02
382,Tulia Hernández Vásquez,63,F,Bogotá,1,7,2024-09-20
383,Armando José Cardona Erazo,70,F,Medellín,2,5,2024-12-30
384,Kevin López,61,M,Cali,3,16,2025-02-26
385,Marina María Salazar,42,M,Barranquilla,4,15,2024-08-14
386,Estella Mosquera,18,F,Medellín,2,13,2024-06-27
387,Sebastián García,31,F,Bogotá,1,5,2024-08-21
388,Luz Milena Mercado,79,M,Medellín,2,7,2024-07-16
389,María Loaiza,70,F,Medellín,2,15,2024-08-01
390,Juan Buitrago Monsalve,74,F,Bogotá,1,14,2025-04-16
391,Freddy Cristhian Rodríguez Velandia,75,M,Bogotá,1,9,2024-06-30
392,Alexander Miguel Barrios Polo,23,M,Bogotá,1,9,2024-08-11
393,Vanessa Julieth López,41,M,Cartagena,5,15,2025-01-23
394,Felipe Suárez Córdoba,69,F,Bogotá,1,7,2024-12-27
395,Walter Durán Marín,71,M,Cartagena,5,14,2025-04-14
396,Gloria Isabel Rivera,27,M,Medellín,2,8,2025-04-01
397,Yeison Mauricio Camargo Burbano,58,M,Medellín,2,7,2025-05-01
398,Adolfo Guerrero,23,M,Barranquilla,4,16,2024-09-14
399,Pablo Luis López Mendoza,40,M,Cali,3,9,2024-11-04
400,Carlos Ángel Pineda,75,M,Cartagena,5,15,2024-12-28
401,Jorge César Rodríguez Peña,35,F,Medellín,2,16,2025-01-02
402,Leidy Fernanda Cortés,49,M,Bogotá,1,5,2024-12-09
403,Efrain Bautista,78,M,Cali,3,12,2024-10-21
404,Blanca Ortiz,31,M,Cali,3,16,2025-03-14
405,Eliana Gómez,73,M,Medellín,2,6,2025-03-10
406,Lorena Yanet Orjuela,51,F,Bogotá,1,15,2024-06-19
407,Esperanza Natalia Sierra Cruz,57,M,Barranquilla,4,16,2024-08-21
408,Alejandro José Rojas,51,F,Barranquilla,4,10,2024-06-01
409,Julieth Luz Jiménez Ávila,22,F,Medellín,2,11,2024-07-31
410,Lucía Marina Navarro,54,F,Cali,3,15,2025-02-18
411,Kelly Ariza Palacios,67,F,Cartagena,5,10,2025-01-03
412,Alba Gutiérrez,73,F,Barranquilla,4,8,2024-10-10
413,Julia Marcela Morales,30,M,Cali,3,7,2025-01-19
414,Martín Antonio Duarte Naranjo,36,F,Barranquilla,4,6,2025-03-30
415,José Díaz,76,M,Medellín,2,14,2024-07-08
416,Paola Morales Orozco,62,M,Medellín,2,15,2024-08-11
417,Felipe Óscar Torres,44,F,Cali,3,10,2025-02-05
418,Juana Mercado,62,F,Barranquilla,4,12,2024-12-27
419,Edith Acosta,40,F,Bogotá,1,14,2025-05-13
420,Orlando Antonio Suárez,70,F,Barranquilla,4,16,2025-02-10
421,Laura Ariza Lara,53,F,Bogotá,1,13,2024-09-05
422,Esperanza Luz Quiroga Sarmiento,30,F,Bogotá,1,13,2024-07-16
423,Edgar Luis Bedoya,57,M,Cali,3,5,2024-06-10
424,Felipe Salazar,41,M,Cali,3,7,2024-07-30
425,Camilo Cabrera Rodríguez,36,F,Bogotá,1,7,2024-06-25
426,Cristian Ortega,49,F,Cali,3,13,2024-10-14
427,Yeferson Gómez,21,F,Bogotá,1,11,2024-09-02
428,Alejandra Inés Torres,44,F,Bogotá,1,9,2025-03-25
429,Maritza Escobar Quiroz,34,F,Barranquilla,4,5,2024-11-08
430,Mónica María Flórez Velásquez,43,F,Medellín,2,11,2025-05-01
431,Blanca Galindo Morales,64,M,Barranquilla,4,7,2024-12-22
432,Helena López Beltrán,69,M,Cali,3,9,2024-08-10
433,Fabián Manuel Serrano Nieto,50,F,Bogotá,1,12,2025-03-14
434,José Córdoba González,40,F,Medellín,2,8,2025-02-09
435,Constanza Álvarez Palacio,46,F,Medellín,2,7,2024-12-24
436,Juan Alberto Gutiérrez Daza,58,M,Bogotá,1,6,2024-11-12
437,Margarita Martha Quintero Cárdenas,28,F,Barranquilla,4,12,2024-07-30
438,María Rodríguez Monsalve,37,F,Barranquilla,4,6,2024-10-08
439,Juan Andrés Gómez,61,F,Cartagena,5,7,2024-08-27
440,Elsa Matilde Duarte López,54,M,Cartagena,5,10,2025-01-26
441,Isabel Moreno,74,M,Medellín,2,9,2024-10-28
442,Yazmín Tamayo,75,F,Medellín,2,8,2025-05-01
443,Enrique Rodríguez Gómez,78,M,Bogotá,1,11,2025-02-18
444,Bibiana Rosa Mercado,29,F,Cali,3,5,2025-05-15
445,Eduardo Arrieta,42,M,Bogotá,1,14,2024-12-23
446,Esneider Jairo Manrique Morales,44,F,Bogotá,1,10,2025-01-10
447,María Vélez Luna,20,M,Barranquilla,4,7,2024-09-13
448,Mercedes Lozano,75,M,Cartagena,5,10,2025-02-20
449,Óscar Cifuentes,42,F,Barranquilla,4,9,2024-08-17
450,María González Londoño,61,F,Bogotá,1,13,2025-03-16
451,Jaime Ferney Muñoz Velasco,65,M,Cali,3,8,2024-07-11
452,Luz Acosta,70,F,Cali,3,12,2024-10-18
453,Mercedes María Gómez,30,M,Medellín,2,14,2025-01-03
454,Cindy Elena Parra,47,F,Medellín,2,13,2025-03-21
455,Camila Álvarez,48,F,Medellín,2,7,2025-04-29
456,Francisco Morales Pinto,55,M,Barranquilla,4,14,2025-04-04
457,Leonardo Eduardo Castañeda,68,F,Barranquilla,4,15,2024-10-29
458,Alberto Andrés Torres,74,F,Medellín,2,15,2025-01-26
459,Luis César Martínez,37,M,Cali,3,11,2024-12-08
460,Benjamín Jeison Pérez,67,F,Barranquilla,4,16,2025-02-02
461,Antonio Luis Castillo Torres,50,M,Medellín,2,6,2024-09-08
462,Segundo Carlos Jiménez,43,F,Barranquilla,4,5,2025-02-13
463,Luis Gómez,56,F,Bogotá,1,13,2024-09-30
464,Cecilia Ramírez,51,F,Barranquilla,4,17,2024-06-22
465,Luz Pinto González,57,M,Cali,3,14,2024-08-02
466,Dagoberto Parra,26,F,Cartagena,5,8,2024-10-18
467,Julián Hernández,49,M,Bogotá,1,16,2024-05-31
468,Alejandro González Cárdenas,25,F,Cartagena,5,7,2025-03-12
469,Claudia Carolina Bejarano,76,M,Medellín,2,9,2024-09-21
470,Leonor Salcedo,33,F,Cali,3,13,2024-12-07
471,Inés Ligia Álvarez Ruiz,43,M,Barranquilla,4,11,2025-04-30
472,Sandra Vargas Villa,77,F,Bogotá,1,8,2024-12-25
473,Edgar Serna,40,F,Bogotá,1,7,2024-06-08
474,Carolina Janeth Pérez,75,M,Barranquilla,4,16,2025-04-13
475,Lucila Loaiza Sierra,62,F,Medellín,2,13,2024-12-14
476,Silvia Johanna Marín,49,M,Medellín,2,13,2024-12-31
477,Jorge Ramos Ángel,36,F,Bogotá,1,6,2024-07-21
478,Andrea Pérez Hernández,58,M,Cartagena,5,10,2025-02-07
479,Lizeth María Domínguez,68,M,Bogotá,1,8,2025-02-14
480,Cristina Rubiela Buitrago,50,M,Bogotá,1,12,2025-01-21
481,José Armando Beltrán Gutiérrez,48,F,Barranquilla,4,5,2024-06-29
482,Orlando José Mantilla,21,F,Medellín,2,14,2025-03-25
483,John Bernal Escobar,67,M,Medellín,2,9,2025-02-24
484,Juan Castro,53,F,Cali,3,7,2025-04-07
485,Aníbal David Rivas Sierra,53,F,Medellín,2,10,2025-04-26
486,Lina Catalina Peña,56,F,Barranquilla,4,6,2025-03-22
487,Alberto José Álvarez Miranda,71,M,Cali,3,8,2024-07-25
488,Gloria Niño,57,M,Cali,3,8,2024-10-15
489,Vanessa Ruiz,25,F,Bogotá,1,5,2025-04-13
490,Jairo Cardona Martínez,31,F,Cali,3,12,2024-08-04
491,Joan Ortiz,22,F,Bogotá,1,7,2025-02-09
492,Wilder Perea,77,M,Medellín,2,16,2024-07-25
493,Cristian Rivera López,37,F,Cali,3,13,2024-10-24
494,Andrés Alexander Cantillo Santos,76,M,Bogotá,1,12,2024-07-10
495,Carlos Jiménez,52,M,Medellín,2,15,2024-12-03
496,Jacqueline Lozano Díaz,57,F,Medellín,2,10,2024-05-31
497,Fernanda Marina López,40,M,Medellín,2,13,2024-09-09
498,Carlos Ortiz,31,F,Bogotá,1,16,2025-01-28
499,Carlos Salazar Sánchez,29,F,Medellín,2,17,2024-09-18
500,Elvira Gutiérrez Hernández,37,F,Medellín,2,15,2025-02-18
501,Gonzalo Maicol Franco,71,F,Medellín,2,6,2025-05-05
502,Liliana Esther Martínez,64,M,Cali,3,16,2024-11-26
503,María Gutiérrez García,73,F,Barranquilla,4,11,2025-02-20
504,Orlando Camilo Toro Angulo,32,F,Cali,3,14,2024-09-16
505,Lilia Díaz León,19,M,Medellín,2,8,2024-07-19
506,Leider César Rubio Franco,46,M,Cartagena,5,10,2024-10-25
507,Jorge Orjuela Pérez,54,M,Bogotá,1,13,2024-08-19
508,María Cabrera,68,F,Bogotá,1,11,2024-12-19
509,Nancy María Gil,67,F,Medellín,2,17,2025-05-03
510,Claudia Hernández González,46,M,Medellín,2,7,2025-04-01
511,José Antonio López,64,M,Medellín,2,13,2024-08-23
512,Lizeth Carmen Arroyo,55,F,Medellín,2,7,2025-05-24
513,Rosa Julieth Aguirre Chacón,62,F,Bogotá,1,13,2025-04-07
514,Humberto Ortiz,72,F,Bogotá,1,6,2024-12-23
515,Josefa Beatriz Medina,72,F,Bogotá,1,6,2024-09-10
516,Myriam Marina Uribe,39,M,Barranquilla,4,11,2024-07-18
517,Angie Fernanda González,72,F,Cali,3,6,2024-09-27
518,Mayra Contreras,35,M,Bogotá,1,16,2025-04-09
519,Constanza Arias,57,M,Barranquilla,4,17,2025-05-16
520,Manuel Luis Correa,21,M,Barranquilla,4,14,2024-07-14
521,David Córdoba Salamanca,33,F,Bogotá,1,5,2025-05-25
522,Emilio Álvarez,58,F,Cali,3,10,2024-08-04
523,Rosalba María Maldonado Hernández,23,M,Cartagena,5,6,2024-09-23
524,Arnulfo Juan Aguirre Castro,42,F,Barranquilla,4,15,2025-04-08
525,Nubia Jiménez,48,M,Bogotá,1,14,2024-07-21
526,Jairo Alex Ortiz Arrieta,55,F,Cali,3,9,2025-02-23
527,Karina Norma Marín Gallego,23,F,Cali,3,9,2024-06-27
528,Yasmín Fernanda Mendoza Aguilar,40,M,Barranquilla,4,6,2024-12-08
529,Jeferson Rodríguez Ortega,71,M,Bogotá,1,6,2024-06-27
530,Paola Martínez Vásquez,18,F,Medellín,2,14,2024-08-28
531,Yasmín Gloria García Parra,38,M,Medellín,2,16,2025-04-15
532,Andrea Mosquera,49,M,Cali,3,14,2025-05-04
533,Miryam Cerón,43,M,Bogotá,1,8,2025-03-25
534,Luis Díaz Mercado,31,F,Bogotá,1,7,2024-08-12
535,Felipe Enrique Contreras Muñoz,20,M,Medellín,2,6,2025-04-29
536,Daniel Muñoz,19,F,Cartagena,5,17,2025-03-05
537,Inés Dayana Cuesta,42,F,Barranquilla,4,10,2025-01-17
538,Alexandra Zuluaga Rivera,54,M,Medellín,2,11,2025-03-23
539,Carmen Andrea Daza Marín,65,M,Cali,3,10,2024-07-21
540,Patricia Ramírez,61,M,Barranquilla,4,11,2024-08-10
541,Jaime José Ramos León,72,F,Bogotá,1,10,2024-10-14
542,Wendy Ángel,42,F,Cartagena,5,9,2025-03-02
543,Willian López,38,M,Bogotá,1,8,2025-01-03
544,Jairo Daza,31,M,Bogotá,1,12,2025-01-18
545,Héctor Montes,69,F,Medellín,2,9,2025-01-08
546,Miguel Salcedo Mejía,59,F,Cali,3,8,2024-10-14
547,Esneider David Castañeda,30,F,Medellín,2,7,2024-09-06
548,Diana María González Alvarado,28,M,Bogotá,1,17,2025-05-23
549,Gloria Marta Torres Naranjo,48,M,Barranquilla,4,17,2024-10-01
550,Stiven Navarro Estrada,78,F,Barranquilla,4,15,2024-12-05
551,Mery Carolina Pérez Mantilla,21,F,Cartagena,5,13,2025-01-07
552,Iván Medina Díaz,61,F,Barranquilla,4,12,2024-10-11
553,Ruth Jiménez,30,M,Bogotá,1,15,2025-05-01
554,Fernando Ángel,39,F,Barranquilla,4,11,2025-05-29
555,Jorge Quintero,32,F,Barranquilla,4,15,2024-10-22
556,Miguel Ocampo,78,F,Medellín,2,14,2025-05-07
557,Eduardo Jesús Rodríguez,66,F,Barranquilla,4,13,2025-01-28
558,Wilson Galvis Orjuela,41,M,Medellín,2,11,2025-03-30
559,Miguel Sánchez García,27,M,Medellín,2,9,2024-10-22
560,Jorge López,27,M,Barranquilla,4,6,2024-10-07
561,Fabiola Ángela Martínez Rueda,64,M,Cali,3,13,2024-08-26
562,Omar Manuel Blanco,50,M,Barranquilla,4,8,2025-03-11
563,José Pedro Ortega Ramírez,65,M,Bogotá,1,10,2024-07-24
564,Gloria Medina Cantillo,49,M,Cali,3,8,2024-08-10
565,Inés Sánchez,30,M,Medellín,2,17,2025-02-11
566,Elvira López,19,F,Medellín,2,14,2024-09-17
567,Elsa Piedad Sanabria Quintero,35,M,Cali,3,7,2024-06-05
568,Héctor John Barbosa,56,M,Medellín,2,16,2025-05-27
569,Milena Isabel Reyes,41,F,Bogotá,1,6,2025-01-10
570,Lorena Andrade Díaz,55,F,Cali,3,8,2025-05-14
571,Luis Díaz Salazar,53,F,Barranquilla,4,12,2024-12-15
572,María Jennifer Sánchez,20,M,Cartagena,5,11,2024-09-02
573,Lorena Cruz Contreras,23,M,Medellín,2,13,2025-04-17
574,Eduardo Suárez,66,F,Bogotá,1,13,2024-11-27
575,Yazmín Luisa Amaya Rueda,61,M,Cali,3,7,2024-06-11
576,Elena Ana Jiménez Lozano,25,F,Medellín,2,10,2024-09-26
577,Nelson Luis Díaz Rivas,78,F,Cali,3,8,2024-06-15
578,Andrea Arrieta Vargas,19,M,Bogotá,1,8,2025-04-21
579,Ricardo César Ramos,52,F,Medellín,2,7,2024-11-04
580,Jesús Juan Cárdenas Vargas,25,F,Medellín,2,12,2025-05-10
581,Leonor Lina Naranjo González,30,M,Cartagena,5,17,2025-03-01
582,Valentina Herrera Alarcón,59,F,Bogotá,1,16,2025-03-03
583,Carmen Claudia Rodríguez Guerra,29,M,Barranquilla,4,15,2024-09-14
584,Yaneth Luz Hernández,33,F,Barranquilla,4,14,2024-10-21
585,Rodrigo José Rodríguez,57,F,Medellín,2,12,2024-08-07
586,Natalia Bustos Jiménez,73,F,Barranquilla,4,10,2025-03-04
587,Andrés Escobar,38,F,Barranquilla,4,5,2025-02-19
588,Carlos Castaño,25,M,Medellín,2,12,2024-08-09
589,Edna Rivera Jaramillo,29,F,Cali,3,6,2024-06-03
590,Alexander Figueroa Castro,31,F,Barranquilla,4,8,2024-11-22
591,Wilson Hernán Flórez,62,F,Bogotá,1,6,2024-09-18
592,Jorge Alexander Hoyos Guerrero,44,M,Bogotá,1,15,2024-12-05
593,Fernando Santos Garzón,20,F,Medellín,2,16,2024-07-14
594,Nidia Muñoz Martínez,35,M,Cartagena,5,13,2024-07-13
595,Jacqueline Ríos Méndez,60,M,Cartagena,5,11,2025-03-27
596,Nelson Castañeda,69,F,Cali,3,12,2024-11-23
597,Milena María Montenegro,35,M,Bogotá,1,6,2024-09-26
598,Andrea Gladys Sánchez Garzón,59,F,Cali,3,8,2025-04-08
599,Marcos William Mosquera,24,F,Bogotá,1,12,2025-01-03
600,Alexis Leonardo Sierra Castellanos,52,F,Medellín,2,15,2024-06-21
601,Isabel Salcedo,31,F,Bogotá,1,7,2024-07-12
602,Elizabeth Velandia,42,F,Cali,3,7,2024-09-05
603,Diana Rodríguez,50,F,Medellín,2,16,2025-05-24
604,Andrea González,71,F,Cali,3,5,2024-06-26
605,Andrés Jesús Velasco,58,F,Medellín,2,10,2024-08-01
606,Carlos Kevin Cortés Arévalo,51,F,Cali,3,16,2024-10-30
607,David Lozano Rojas,42,M,Bogotá,1,10,2025-01-10
608,Janneth Muñoz,29,F,Bogotá,1,10,2024-08-26
609,Cristian Gómez,77,M,Medellín,2,9,2024-08-24
610,Gabriela Tatiana Ariza,60,F,Bogotá,1,11,2025-05-26
611,Mario Correa Henao,36,M,Cali,3,7,2025-01-30
612,Marcela Osorio Silva,51,F,Cali,3,8,2024-11-11
613,Sandra Luisa Bedoya,28,F,Bogotá,1,14,2025-04-08
614,Ana Paola Palacios,40,M,Medellín,2,15,2024-11-01
615,Patricia Leticia Ardila Muñoz,26,F,Bogotá,1,14,2025-03-12
616,Sofía Villamizar Rueda,33,F,Bogotá,1,7,2025-05-04
617,Patricia Rivas,56,F,Medellín,2,6,2024-10-15
618,Inés Karen Arroyo,77,F,Bogotá,1,5,2025-03-29
619,Alexander Juan Hernández,55,M,Cali,3,10,2024-12-24
620,Aura Luz López Salazar,69,M,Bogotá,1,7,2024-12-01
621,Doris Carmen Álvarez,45,F,Medellín,2,8,2025-05-02
622,Juliana Álvarez,39,M,Barranquilla,4,12,2025-04-29
623,Yuli Rodríguez,44,M,Medellín,2,14,2024-11-25
624,María Vargas Ariza,38,F,Barranquilla,4,11,2024-07-20
625,Clemencia Olga Herrera Gallego,56,M,Bogotá,1,13,2024-07-01
626,Victoria Delgado,43,F,Medellín,2,5,2024-11-21
627,Santiago Rivera,54,M,Bogotá,1,11,2024-07-02
628,Brayan Leonardo Ceballos,66,F,Medellín,2,9,2025-02-22
629,Juan Mejía,72,M,Barranquilla,4,10,2025-02-17
630,Jairo Julio Rivera Solano,51,F,Bogotá,1,16,2025-01-03
631,Andrés Edison Mora,58,M,Medellín,2,7,2025-05-25
632,Luis Jhon Martínez,59,M,Barranquilla,4,8,2025-01-18
633,María Molina,58,F,Cartagena,5,15,2024-09-06
634,Mercedes Cristina Rincón,58,M,Cali,3,6,2024-12-02
635,Angélica Rocío Rincón Rodríguez,46,M,Medellín,2,6,2024-12-26
636,Estella García,77,F,Cartagena,5,16,2024-06-15
637,María Marín Fajardo,72,F,Barranquilla,4,10,2024-12-16
638,Luz Omaira Loaiza,25,M,Cartagena,5,14,2024-12-01
639,Martha Kelly Osorio Figueroa,41,M,Bogotá,1,5,2024-07-22
640,Johana Ana Gamboa,61,M,Bogotá,1,8,2024-12-27
641,Sandra Sánchez,30,F,Cali,3,12,2024-09-04
642,Johana García,18,M,Barranquilla,4,16,2025-04-19
643,Diana Gladys Portilla Ortiz,41,M,Bogotá,1,8,2025-04-18
644,Patricia Lilia Acosta Gutiérrez,57,F,Medellín,2,10,2024-10-22
645,Leidy Alejandra Flórez Castañeda,32,M,Medellín,2,8,2024-10-10
646,Olga Mendoza Caicedo,68,M,Barranquilla,4,12,2024-05-31
647,Alejandra Ximena Villegas,47,F,Bogotá,1,15,2025-03-07
648,Paula Luz Rubio,55,M,Medellín,2,14,2024-07-27
649,Nubia Luz Herrera,57,M,Medellín,2,6,2024-12-12
650,Manuel Torres Gómez,67,M,Medellín,2,14,2025-04-14
651,Leonardo Jairo Escobar,21,F,Medellín,2,5,2024-11-24
652,María Gómez Cruz,75,M,Cali,3,15,2024-06-14
653,Vanessa Cecilia González Lara,53,F,Medellín,2,7,2025-01-13
654,Antonio Sanabria,30,M,Bogotá,1,15,2024-09-28
655,Ariel Gutiérrez,32,M,Bogotá,1,7,2024-10-12
656,Miguel Edwin Ortiz Vallejo,26,M,Cali,3,13,2025-02-11
657,Antonio Vera Sánchez,77,F,Medellín,2,13,2024-07-22
658,Olga Cruz,69,F,Bogotá,1,14,2024-11-21
659,Valentina Cortés Cifuentes,49,M,Bogotá,1,9,2024-09-17
660,Giovanny Elías Moreno Perea,52,F,Cali,3,5,2025-03-10
661,Alexander Miguel Ortiz Rojas,29,M,Barranquilla,4,12,2024-10-06
662,Leonardo Valencia,79,M,Cali,3,7,2024-10-23
663,Adriana Castro,63,M,Barranquilla,4,13,2025-02-06
664,Mirian Cano Melo,28,F,Cali,3,14,2025-04-03
665,Edith Dolores García Anaya,42,F,Barranquilla,4,12,2025-03-23
666,Milena Flórez,38,M,Bogotá,1,7,2024-07-22
667,Claudia Valencia,48,M,Barranquilla,4,8,2025-05-09
668,Luz Diana Pérez López,61,M,Bogotá,1,8,2024-08-05
669,Rosa Leidy Zapata Gómez,78,M,Cali,3,11,2024-07-07
670,Juan Elías Ospina,71,M,Cali,3,15,2024-11-06
671,Oswaldo Andrés González,56,F,Cali,3,13,2024-12-04
672,Jairo Buitrago,64,F,Barranquilla,4,15,2024-10-23
673,Pablo Eduar Quiroga,25,M,Cali,3,16,2025-03-06
674,Ángel Ruiz,21,F,Barranquilla,4,10,2024-10-31
675,Esperanza Laura Castro,59,F,Medellín,2,7,2025-01-08
676,Jairo Cruz,63,M,Cali,3,16,2025-02-04
677,Luis Espinosa Delgado,30,M,Medellín,2,7,2025-04-03
678,Luis López,59,F,Medellín,2,10,2025-03-16
679,Jairo Zapata Rivera,34,F,Bogotá,1,16,2024-09-26
680,Rubén Peña,74,F,Cartagena,5,14,2025-04-22
681,Elena Isabel Rico Roa,23,F,Barranquilla,4,8,2024-07-18
682,Marlon Eduar Bastidas,21,M,Cartagena,5,7,2024-09-04
683,Mario Quintero Ibarra,41,F,Barranquilla,4,8,2024-09-14
684,Lucía Cecilia Pérez Bermúdez,55,M,Bogotá,1,8,2025-01-18
685,Janeth Villegas,38,F,Cali,3,11,2025-04-11
686,Nelson Pedro Torres,77,M,Bogotá,1,12,2024-10-06
687,Gabriela Isabel Caicedo,24,F,Medellín,2,8,2024-08-13
688,Elvia Loaiza Rojas,33,F,Bogotá,1,8,2024-12-17
689,María Ligia Espinosa,73,F,Cali,3,13,2025-02-13
690,Fernando Gutiérrez,35,M,Cali,3,14,2025-05-18
691,Armando Álvaro Ospino Alzate,63,M,Medellín,2,7,2024-10-05
692,Jhoana Elena González,29,F,Cali,3,11,2024-12-01
693,Julio Pablo Valderrama,48,F,Barranquilla,4,16,2024-06-20
694,Manuel Torres Ariza,53,F,Medellín,2,8,2025-03-11
695,Germán Jesús Cárdenas,50,F,Barranquilla,4,13,2024-09-28
696,Alexandra Alzate Cabrera,45,M,Bogotá,1,10,2025-01-16
697,Sofía Rivera,62,M,Cartagena,5,15,2025-04-10
698,Alejandra Henao,37,F,Cali,3,6,2024-07-24
699,María León,77,M,Cartagena,5,12,2024-08-06
700,Óscar José Moreno,33,M,Cali,3,13,2024-11-29
701,Alfonso Esteban Salgado,27,F,Cali,3,16,2024-12-13
702,Alfonso Francisco Buitrago,66,F,Bogotá,1,7,2025-04-29
703,Clara Mary Muñoz Ortega,34,M,Medellín,2,11,2024-09-23
704,Magda Esther Bonilla Zambrano,59,M,Cartagena,5,8,2024-07-26
705,Fernando Ángel Guerrero,46,F,Barranquilla,4,15,2025-01-17
706,Marina Yulieth Toro,38,F,Medellín,2,10,2025-04-30
707,Aníbal Pérez,43,F,Barranquilla,4,9,2024-12-10
708,Javier Caballero Ramírez,52,M,Cartagena,5,12,2025-01-10
709,Carlos González García,23,M,Barranquilla,4,14,2025-05-30
710,Sebastián Cristian González Pérez,61,F,Bogotá,1,12,2024-06-19
711,José Zambrano,41,M,Barranquilla,4,14,2024-07-17
712,Raquel Ortiz Fuentes,41,F,Bogotá,1,9,2025-04-01
713,Jorge Maldonado Acosta,45,M,Medellín,2,17,2025-01-04
714,Vanessa Puentes Vargas,31,F,Medellín,2,8,2024-08-01
715,Eliana Rojas García,71,M,Medellín,2,16,2024-06-19
716,Gerson Gutiérrez Torres,23,F,Barranquilla,4,17,2024-06-15
717,Álvaro Quintero,73,M,Medellín,2,16,2025-01-02
718,Enrique López Leal,60,M,Cali,3,9,2024-12-25
719,Julio Restrepo,50,M,Cali,3,10,2025-02-11
720,María Clara Pérez Bolívar,32,F,Bogotá,1,13,2024-10-16
721,Luz Muñoz Mendoza,41,M,Cali,3,15,2024-10-12
722,Esperanza Duarte Muñoz,43,F,Medellín,2,12,2025-05-01
723,Diana Ávila Cruz,74,M,Medellín,2,14,2025-01-02
724,Luis Ortiz Forero,22,M,Cartagena,5,17,2025-01-07
725,Sonia Suárez,41,M,Bogotá,1,13,2024-09-13
726,Esneider Fajardo,38,F,Medellín,2,8,2025-05-12
727,Michael Contreras,50,F,Bogotá,1,14,2025-05-09
728,Alexandra López Córdoba,59,M,Bogotá,1,10,2024-08-12
729,Cecilia Rodríguez,50,M,Cali,3,12,2024-11-10
730,Vilma Galeano Gómez,51,F,Bogotá,1,14,2024-07-19
731,Matilde Sandra Vergara Sarmiento,56,F,Cali,3,16,2024-07-04
732,Manuel Suárez Hernández,23,F,Cali,3,5,2025-03-30
733,María Ana Caro Galvis,27,M,Barranquilla,4,11,2025-03-04
734,Alexander Rubén Sanabria,65,M,Cartagena,5,11,2024-12-22
735,Augusto Trujillo,33,F,Bogotá,1,7,2024-07-31
736,Karen Guzmán,39,F,Cali,3,8,2025-05-29
737,Cristian Pardo,55,F,Barranquilla,4,14,2025-03-11
738,Fabiola Morales Medina,68,M,Cartagena,5,16,2024-12-25
739,Dora Rojas,24,M,Bogotá,1,5,2024-06-30
740,Lucía Duarte Amaya,21,F,Cali,3,8,2024-08-21
741,Paula Gladys Martínez,73,F,Medellín,2,9,2025-04-12
742,Lizeth Nidia Durán,69,F,Cali,3,10,2024-08-28
743,Laura Rodríguez Duarte,45,F,Cali,3,14,2024-08-04
744,Leidy María Delgado Fajardo,42,F,Bogotá,1,5,2024-11-15
745,Ximena María Salas,50,F,Cartagena,5,8,2025-03-06
746,Margoth Restrepo,56,F,Barranquilla,4,10,2024-06-10
747,Paola Gabriela Villamil Rodríguez,67,M,Barranquilla,4,13,2024-07-29
748,Ruth Barrios,28,F,Medellín,2,8,2025-03-29
749,Felipe Andrés Jiménez,77,F,Bogotá,1,18,2025-05-16
750,Carlos Ramiro Morales Rosero,38,F,Cali,3,15,2024-07-01
751,Jair Luis Martínez,32,F,Cali,3,12,2024-07-29
752,Luz Fabiola Rivera Rojas,77,F,Medellín,2,13,2024-07-16
753,Marta Cortés Murillo,24,F,Barranquilla,4,12,2024-12-26
754,Sandra Alejandra Cabrera,44,F,Medellín,2,8,2025-02-16
755,Javier Jair Amaya Salazar,45,M,Medellín,2,14,2024-12-07
756,Juan Pablo Delgado,54,F,Bogotá,1,13,2024-11-17
757,Mercedes Nataly Hernández Alvarado,23,F,Medellín,2,10,2025-01-18
758,Janneth López López,26,F,Barranquilla,4,12,2024-06-21
759,Maritza Martínez Perea,62,M,Cartagena,5,13,2025-04-27
760,Luz Erika Ramírez,30,F,Cali,3,10,2025-05-12
761,Johanna Jaramillo Suárez,75,M,Cartagena,5,8,2025-03-06
762,Jhon Darío López Mesa,22,M,Bogotá,1,12,2025-01-20
763,Claudia Quintero Fuentes,42,F,Medellín,2,8,2024-08-01
764,Luz Jimena Sánchez,79,M,Bogotá,1,7,2024-08-30
765,Juan Alberto Ocampo,46,M,Bogotá,1,8,2025-05-02
766,Lida Montes Velásquez,23,M,Cartagena,5,9,2025-03-05
767,María Guerra,64,F,Medellín,2,15,2025-02-20
768,Camilo Torres Álvarez,51,F,Medellín,2,14,2025-05-27
769,Luz Adela Salas,47,F,Barranquilla,4,8,2025-01-20
770,Humberto Sánchez Carvajal,43,F,Bogotá,1,11,2025-05-08
771,Stella Cuéllar Mejía,69,F,Medellín,2,6,2024-11-24
772,David Jair Moreno,35,F,Barranquilla,4,15,2024-10-20
773,Dina Lina Ávila,39,M,Medellín,2,15,2025-05-06
774,Humberto Ballesteros,47,M,Barranquilla,4,10,2024-10-14
775,Antonio Torres,78,F,Bogotá,1,8,2024-12-04
776,María García Rincón,57,F,Medellín,2,7,2025-02-21
777,Alejandro David Pineda,37,F,Bogotá,1,13,2025-02-18
778,Yulieth María Rojas,40,F,Barranquilla,4,6,2025-03-27
779,Elena Guerrero,42,M,Cali,3,8,2024-10-02
780,Augusto Villamizar,38,M,Medellín,2,12,2024-06-05
781,Inés Vargas,63,F,Medellín,2,15,2025-05-19
782,Mariela Castillo Salazar,56,M,Barranquilla,4,9,2025-03-01
783,Stella Silva,32,F,Bogotá,1,8,2024-10-04
784,José Luis Muñoz,76,M,Cartagena,5,8,2024-12-07
785,William Julio Ramírez Giraldo,51,F,Bogotá,1,13,2024-08-25
786,Claudia Andrea Riascos Narváez,70,F,Bogotá,1,12,2024-07-04
787,Yuly Arias,31,M,Medellín,2,7,2024-12-27
788,Lucy Paula Cabrera,57,F,Bogotá,1,9,2025-05-06
789,Lucero Bustamante,39,F,Cartagena,5,17,2024-09-17
790,Carlos Giraldo,68,M,Medellín,2,15,2024-07-16
791,Cecilia Ramírez Bohórquez,45,F,Cali,3,17,2025-03-04
792,Emilio Hernández,26,M,Cali,3,12,2024-09-09
793,Giovanni Rincón,36,M,Cali,3,14,2025-01-18
794,José Erazo,55,M,Bogotá,1,9,2025-01-21
795,Elena Lucía Páez,47,M,Bogotá,1,9,2024-08-21
796,Luz Murillo,42,F,Medellín,2,5,2024-08-19
797,Roberto Delgado Garzón,76,F,Medellín,2,10,2025-03-04
798,Luz Ortiz Arias,21,F,Bogotá,1,15,2024-10-08
799,Oliva Martínez Agudelo,78,F,Barranquilla,4,13,2024-07-12
800,Jair Alexis Londoño,72,F,Cartagena,5,12,2025-05-05
801,Liliana Polo,29,M,Medellín,2,6,2024-06-09
802,Alejandra Mosquera Correa,38,M,Cali,3,7,2025-03-16
803,Carlos Bustos Palacios,61,M,Bogotá,1,8,2025-04-25
804,Paola Cardona Gutiérrez,78,M,Bogotá,1,11,2025-02-01
805,Edith Beltrán,51,F,Barranquilla,4,9,2024-11-07
806,Amparo Michel Álvarez,40,M,Bogotá,1,6,2024-11-07
807,Stiven Hernández,29,F,Medellín,2,14,2025-05-08
808,Myriam Rodríguez Rivera,69,M,Medellín,2,14,2024-06-25
809,Fernanda Sepúlveda Garcés,68,F,Cali,3,12,2024-12-12
810,Carlos Espinosa,68,F,Barranquilla,4,10,2025-05-13
811,Jorge Alberto Campo,45,F,Medellín,2,12,2024-08-29
812,Luz Paola Rodríguez Osorio,20,F,Barranquilla,4,12,2025-05-22
813,Walter Andrés Córdoba,44,M,Medellín,2,7,2025-04-03
814,Alexander Julio Pérez,40,F,Medellín,2,16,2025-04-12
815,Andrea Rojas,35,M,Cartagena,5,11,2025-02-10
816,Yesid Agudelo Pinzón,25,M,Bogotá,1,12,2024-09-22
817,Clara Medina,46,M,Cartagena,5,17,2024-08-29
818,José Ortega Alarcón,31,M,Cali,3,5,2024-08-18
819,Fernando César Acosta Acevedo,30,M,Bogotá,1,9,2024-08-22
820,Esperanza Romero,66,F,Barranquilla,4,11,2024-06-02
821,Carlos Díaz,77,M,Bogotá,1,15,2025-05-23
822,Enrique Francisco Gaitán Ospina,70,M,Medellín,2,16,2025-04-09
823,Andrés Miguel Solano,79,M,Medellín,2,17,2024-08-12
824,Daniel Fernando Rivera Castaño,66,M,Barranquilla,4,14,2024-07-22
825,María Ceballos Vega,68,M,Bogotá,1,5,2024-12-14
826,Alexandra Castrillón,56,M,Cali,3,13,2025-01-21
827,Eduardo Sebastián Solano Restrepo,63,M,Medellín,2,9,2025-03-16
828,Paola Barbosa Guerrero,36,F,Medellín,2,5,2025-05-18
829,Hugo Andrés Torres Rojas,70,M,Cartagena,5,13,2024-09-13
830,Alonso Jiménez Ángel,56,F,Barranquilla,4,5,2024-11-09
831,Diana María Gómez,42,M,Barranquilla,4,16,2024-10-01
832,Fernando Rueda Ruiz,64,M,Barranquilla,4,13,2024-09-17
833,María Ingrid Pacheco,35,F,Cali,3,6,2025-03-31
834,Lorena Ospino Rodríguez,50,M,Cali,3,7,2025-02-18
835,Elvis Johan Buitrago,36,M,Medellín,2,9,2024-08-05
836,Yudy Vanegas Salcedo,50,F,Barranquilla,4,13,2025-01-25
837,Ignacio Miguel Acevedo Quiroga,58,M,Medellín,2,17,2024-08-15
838,Jhoan Alberto Zapata Romero,58,F,Cali,3,7,2025-02-11
839,Stella Ortiz,30,F,Cartagena,5,6,2025-01-30
840,Francisco Velasco Gutiérrez,26,M,Bogotá,1,7,2024-09-05
841,Beatriz González Vargas,37,F,Barranquilla,4,12,2025-02-10
842,Fernando Luis Cabrera,55,M,Cartagena,5,11,2024-09-24
843,Isabel Martha Ramírez Erazo,58,F,Barranquilla,4,14,2024-12-21
844,Enrique Héctor Jiménez,72,M,Medellín,2,8,2024-11-29
845,María Mejía,79,M,Cartagena,5,16,2024-12-28
846,Guillermo Rivera,74,F,Barranquilla,4,15,2024-06-17
847,Mercedes Becerra,35,F,Cali,3,11,2024-07-06
848,Yaneth Johanna Carvajal Acosta,26,M,Bogotá,1,8,2024-11-17
849,Beatriz Cardona,77,F,Barranquilla,4,11,2024-07-17
850,Mayra Luz Ortega Beltrán,20,F,Medellín,2,6,2024-12-08
851,Eugenia Díaz,57,M,Medellín,2,15,2024-08-30
852,Elkin Pérez Torres,71,F,Medellín,2,16,2024-09-29
853,Alexander Bravo Rodríguez,51,F,Medellín,2,6,2024-07-17
854,Alexis Suárez,54,F,Cali,3,11,2024-07-05
855,Eugenia Lucy Saavedra Londoño,37,M,Medellín,2,5,2024-08-30
856,Bibiana María Vergara Blanco,45,M,Cali,3,16,2024-08-26
857,Judith García,22,F,Bogotá,1,5,2024-12-09
858,Maicol Elkin Gómez Caro,73,F,Barranquilla,4,7,2025-01-04
859,Luis Camargo,21,M,Medellín,2,11,2024-11-21
860,Germán Mena Vargas,73,F,Medellín,2,7,2025-05-27
861,Arturo Andrés Guerrero,21,F,Cartagena,5,7,2024-07-11
862,Emilse Niño Benavides,44,F,Cartagena,5,11,2024-08-26
863,Víctor Luis Galvis Barbosa,76,M,Bogotá,1,8,2025-03-12
864,Leonor Medina,54,F,Medellín,2,10,2025-04-05
865,Marcela Milena Navarro Rodríguez,54,M,Cartagena,5,11,2024-12-09
866,Fernanda María Marín Alvarado,35,F,Medellín,2,13,2024-10-30
867,Camilo Franco,30,M,Cartagena,5,16,2025-05-28
868,Fanny Milena Acevedo Prada,49,F,Bogotá,1,10,2025-03-10
869,Ana Cecilia Escobar,54,M,Cali,3,12,2024-06-21
870,Fabián Carlos Henao,62,F,Cali,3,5,2024-11-18
871,Andrea González,68,M,Barranquilla,4,10,2025-02-14
872,Katerine Graciela Maldonado,62,M,Barranquilla,4,17,2024-06-29
873,Ana Judith Páez Melo,63,M,Bogotá,1,17,2024-11-22
874,Martha María Ruiz Valencia,56,F,Cartagena,5,11,2025-03-05
875,Jhonatan Vargas,41,M,Bogotá,1,7,2025-03-15
876,Hermes Eduardo Martínez Hernández,51,M,Bogotá,1,7,2024-10-03
877,Álvaro José Galindo,34,M,Medellín,2,9,2025-03-17
878,David Jiménez,74,F,Cali,3,7,2025-04-09
879,Alexis Jesús Alzate,56,M,Medellín,2,18,2024-08-20
880,Lucía González Ávila,34,M,Bogotá,1,14,2024-12-21
881,Juan Luis Uribe Sandoval,44,M,Cartagena,5,9,2024-11-25
882,Alexandra Loaiza Calderón,62,M,Barranquilla,4,6,2025-04-10
883,María Liliana Prieto,28,M,Bogotá,1,12,2025-05-20
884,Bernardo Acosta,37,M,Barranquilla,4,11,2025-05-07
885,Graciela Ortiz Morales,34,M,Cartagena,5,16,2025-04-01
886,Yudy Espinosa Orjuela,61,F,Medellín,2,8,2025-05-15
887,José Lozano Bernal,72,F,Barranquilla,4,10,2025-02-10
888,Nicolás Duván Guerra,50,F,Medellín,2,8,2024-12-20
889,Luisa Blanca Díaz Pérez,44,M,Medellín,2,14,2024-05-31
890,Luz Lizeth Martínez Oviedo,34,M,Medellín,2,14,2024-12-04
891,Olga Rojas,35,F,Cartagena,5,10,2024-08-06
892,Gladys Patricia Herrera Martínez,64,F,Cali,3,7,2024-06-24
893,Segundo Díaz Hernández,65,M,Cartagena,5,13,2025-03-12
894,José Elkin Vanegas,62,M,Bogotá,1,15,2024-06-23
895,Andrea Moreno,49,F,Barranquilla,4,6,2024-07-30
896,Andrés Rodríguez,20,M,Medellín,2,7,2025-04-11
897,Valentina Liliana Castro,63,M,Medellín,2,10,2025-04-14
898,Fredy Pérez Lozano,49,F,Bogotá,1,13,2024-06-13
899,Dubán Gustavo Vásquez,71,F,Barranquilla,4,12,2024-12-28
900,Javier Monroy,38,F,Cali,3,15,2025-05-10
901,Alejandro Castro Ariza,52,F,Medellín,2,7,2024-08-11
902,Mauricio David Guerrero,52,M,Barranquilla,4,14,2025-05-22
903,Lorena Cruz Castellanos,66,F,Cali,3,7,2025-05-03
904,Viviana Elena Galvis,20,M,Bogotá,1,12,2025-05-24
905,William Espinosa Morales,18,M,Barranquilla,4,9,2025-02-09
906,Yenifer María Arboleda,25,M,Bogotá,1,9,2024-12-16
907,Liliana Torres Camacho,53,M,Barranquilla,4,16,2024-07-03
908,Wilman Rojas Cuéllar,40,M,Bogotá,1,7,2024-11-15
909,Óscar Restrepo García,21,F,Bogotá,1,7,2024-10-26
910,Luis Enrique Suárez,25,M,Medellín,2,11,2025-03-17
911,Cecilia Marina Arenas Benavides,36,M,Bogotá,1,7,2024-12-01
912,Rosa Vera,57,M,Medellín,2,11,2025-03-15
913,Eugenia Cruz,77,F,Barranquilla,4,13,2024-06-17
914,Anderson Alexander Hernández Ochoa,19,F,Bogotá,1,12,2025-05-28
915,Felipe Miguel Díaz,77,F,Medellín,2,14,2024-09-24
916,Nidia Claudia Chaparro,40,F,Medellín,2,12,2024-11-07
917,Sebastián Marcos Marín,44,F,Medellín,2,15,2025-02-28
918,Martha Mónica Mendoza,18,M,Medellín,2,12,2024-12-26
919,Antonio Cruz,30,M,Bogotá,1,15,2025-03-01
920,Andrés Chávez Trujillo,74,M,Medellín,2,8,2024-07-19
921,Fanny Ramos Serrano,72,M,Bogotá,1,11,2025-01-23
922,Manuel Rodríguez,25,F,Cali,3,16,2025-05-13
923,Gabriel Zapata Medina,67,F,Cali,3,9,2024-12-22
924,Cristhian Arteaga,69,M,Barranquilla,4,7,2024-09-19
925,Paola Beatriz Valencia Flórez,47,M,Medellín,2,13,2025-02-17
926,Fernando Medina,40,F,Bogotá,1,10,2024-07-28
927,Armando Fabio Vanegas Pacheco,48,F,Medellín,2,7,2025-03-20
928,Luis Tamayo,51,M,Bogotá,1,6,2024-10-17
929,Luis Villegas Correa,32,M,Barranquilla,4,15,2025-01-20
930,Valentina Ligia Medina,43,F,Medellín,2,6,2024-08-06
931,Damaris Alejandra Sarmiento Jiménez,40,F,Barranquilla,4,12,2024-07-24
932,Enrique Wilmer Torres Hoyos,23,M,Medellín,2,6,2024-12-12
933,Graciela Paula Duarte,45,M,Bogotá,1,15,2025-05-07
934,Fabián José Arboleda Rodríguez,36,M,Medellín,2,15,2025-05-10
935,Lucía Leidy Gallego Correa,53,F,Medellín,2,7,2025-01-11
936,José Gutiérrez Hoyos,66,F,Medellín,2,8,2025-01-31
937,Nubia Garzón Morales,54,M,Cartagena,5,14,2025-03-25
938,José Ramírez Rodríguez,46,M,Bogotá,1,16,2025-04-19
939,Luis Francisco Gómez Pérez,27,M,Cali,3,15,2025-02-21
940,Alba Posada Padilla,60,M,Medellín,2,13,2025-05-12
941,Liliana Fernanda Sánchez Herrera,61,M,Cartagena,5,10,2025-05-25
942,Andrés López Ramírez,42,F,Cali,3,6,2024-10-25
943,Javier Blanco,36,M,Bogotá,1,16,2024-06-28
944,Claudia Marcela Villa,54,F,Bogotá,1,11,2025-02-10
945,Jhon Luis Caicedo López,58,M,Medellín,2,13,2025-03-03
946,Miguel Edwin Vargas,52,F,Cali,3,7,2025-03-11
947,Luis Mauricio Bolaños,58,M,Bogotá,1,16,2024-12-19
948,Pedro López,53,M,Cali,3,7,2024-10-23
949,Arturo César Londoño Díaz,26,F,Bogotá,1,6,2025-04-11
950,Lina Escobar Restrepo,50,F,Barranquilla,4,11,2024-12-05
951,Alexander Lozano,51,M,Cali,3,13,2024-11-29
952,María Agudelo,53,F,Cartagena,5,14,2024-07-29
953,Lucía Maritza López,61,F,Medellín,2,7,2025-01-27
954,Martha Milena Cáceres Pabón,71,F,Cali,3,10,2024-08-23
955,Estela Amparo Sánchez Mercado,77,M,Cartagena,5,6,2024-10-07
956,Leonardo Luis Sandoval,66,F,Cali,3,7,2024-07-05
957,Verónica Gloria Ortega Gutiérrez,61,M,Medellín,2,11,2025-02-03
958,Salvador Santiago Medina Sánchez,30,M,Cali,3,10,2024-09-25
959,Alberto Ariza,39,M,Medellín,2,12,2024-09-21
960,Mary Lucía Mora Rivas,52,M,Cartagena,5,9,2024-06-06
961,Andrea Vásquez,34,F,Medellín,2,8,2024-08-04
962,Mauricio Leonel Ramos,46,M,Medellín,2,12,2024-08-06
963,Manuel Bermúdez,77,F,Cartagena,5,14,2025-01-30
964,Xiomara Luisa Carrillo,72,F,Barranquilla,4,12,2024-12-12
965,Amparo Marcela Restrepo,75,F,Medellín,2,5,2024-11-12
966,Nancy Ana Bravo,76,M,Bogotá,1,12,2025-03-27
967,Daniela Mosquera Benavides,23,M,Bogotá,1,16,2024-07-28
968,Milena Carolina Buitrago Moreno,72,F,Medellín,2,10,2024-07-19
969,Beatriz Pérez,79,F,Medellín,2,12,2024-07-08
970,Isabel Laura Espitia,24,F,Cali,3,11,2024-08-05
971,Andrés Juan Sánchez Ramírez,28,F,Bogotá,1,7,2024-08-09
972,José Ocampo Murillo Guerra,73,F,Cali,3,6,2025-04-08
973,Luis Robinson Torres,57,M,Bogotá,1,12,2025-05-02
974,José Leonardo Marín Ríos,51,F,Cartagena,5,16,2025-05-28
975,Marcos Carlos Guzmán,21,F,Cali,3,14,2025-05-19
976,Mónica Acevedo,22,F,Cartagena,5,15,2024-07-15
977,Sonia Yolanda Montenegro Castañeda,32,F,Cali,3,10,2024-07-02
978,Claudia Cecilia Rodríguez Pérez,76,F,Medellín,2,11,2024-12-10
979,María López,43,M,Bogotá,1,13,2025-01-18
980,Pedro Óscar Jaimes,36,M,Medellín,2,15,2024-12-31
981,Gloria Pinzón,21,M,Medellín,2,10,2024-11-19
982,Carmen Rosario Bravo Castellanos,69,F,Medellín,2,5,2024-06-13
983,Angie Mena García,74,M,Barranquilla,4,14,2025-02-20
984,Myriam Monsalve Oviedo,43,M,Cali,3,15,2024-06-09
985,Felipe Jonatan Delgado,69,M,Bogotá,1,7,2024-06-16
986,Jhonatan Ramírez,67,F,Bogotá,1,15,2025-03-04
987,Jeison Cardona Quintero,78,F,Medellín,2,7,2025-04-15
988,Lizeth Amparo Ávila Mora,23,F,Cartagena,5,10,2025-05-28
989,María Constanza Solano,31,F,Barranquilla,4,11,2024-11-16
990,Carlos Rubén Sánchez,46,F,Bogotá,1,7,2025-04-20
991,Gustavo Carlos Ramírez,28,M,Bogotá,1,6,2025-01-25
992,Luis Vanegas,45,F,Barranquilla,4,7,2025-02-15
993,María López Ocampo,21,M,Bogotá,1,12,2025-04-29
994,María Herrera,43,F,Barranquilla,4,13,2024-10-21
995,Carlos Domínguez Rodríguez,54,M,Bogotá,1,14,2024-09-26
996,Patricia Patricia Martínez Hernández,72,F,Cali,3,7,2024-06-05
997,Diego Villamizar Sepúlveda,23,F,Bogotá,1,12,2024-07-04
998,Paola Osorio Buitrago,78,F,Barranquilla,4,8,2024-08-29
999,Antonio Andrés Rentería Ortiz,70,F,Cartagena,5,5,2025-05-18
1000,Luz Carmen Bolaños,25,M,Cartagena,5,6,2024-09-14
1001,Ricardo Martínez Carmona,49,F,Medellín,2,17,2024-09-06
1002,Ramón Hernández,34,M,Medellín,2,5,2024-11-10
1003,Erika Ángela Campo,39,M,Cali,3,9,2024-10-30
1004,José Felipe Rodríguez,54,F,Cali,3,11,2024-07-10
1005,Marcela Diana Restrepo Ayala,45,F,Medellín,2,10,2024-11-27
1006,Mary Erika Burbano,77,F,Bogotá,1,10,2024-09-08
1007,Enrique Brayan Castillo Ocampo,65,M,Medellín,2,7,2024-06-07
1008,Alexander Ramírez,74,M,Medellín,2,12,2025-03-04
1009,Eduard Omar Angulo Orozco,62,F,Cartagena,5,8,2024-12-13
1010,Oswaldo Antonio Solano Miranda,73,M,Medellín,2,10,2024-09-20
1011,Marleny Yamile Valencia,49,M,Cartagena,5,7,2024-07-21
1012,Víctor Eduardo Jiménez,37,F,Medellín,2,13,2025-04-20
1013,Juan Díaz,52,M,Bogotá,1,10,2024-07-15
1014,Mario Prieto Cano,31,M,Cali,3,12,2025-05-03
1015,Alejandra Arias Cardona,46,F,Cartagena,5,6,2025-01-24
1016,Liliana Hernández García,21,M,Medellín,2,10,2024-08-08
1017,Yaneth Ávila Hernández,43,M,Cartagena,5,7,2025-03-03
1018,Esmeralda Clara Romero Hernández,27,M,Bogotá,1,10,2025-03-22
1019,Felipe Quintero,75,M,Bogotá,1,14,2024-09-30
1020,María Yanet Mosquera Bedoya,73,M,Bogotá,1,5,2024-06-11
1021,Julieth María Zapata,22,F,Cartagena,5,15,2024-11-06
1022,Patricia Diana Mesa Mosquera,52,F,Cali,3,15,2024-12-03
1023,Andrea Yamile Salazar Rivera,62,F,Barranquilla,4,17,2024-07-07
1024,Martín Ardila Martínez,24,F,Cartagena,5,12,2025-01-09
1025,Eduardo Zapata Mosquera,31,F,Medellín,2,14,2024-06-19
1026,Guillermo Danny López,32,F,Medellín,2,13,2024-09-01
1027,Juliana Gómez,25,M,Bogotá,1,10,2024-10-18
1028,Rodolfo Rodríguez,63,F,Cali,3,8,2024-09-10
1029,Beatriz Angie Cardona Guzmán,75,M,Medellín,2,15,2025-03-28
1030,Nataly Castro,20,M,Medellín,2,7,2024-06-30
1031,Eliecer Marco Solano,78,F,Barranquilla,4,13,2024-09-12
1032,Lorena Omaira Vargas,41,F,Barranquilla,4,7,2025-03-27
1033,Mayra Gloria Córdoba,74,M,Bogotá,1,9,2025-04-08
1034,Jhony Perdomo,69,M,Bogotá,1,13,2024-07-09
1035,Susana González Pacheco,70,F,Medellín,2,10,2025-03-26
1036,Luz Mercedes Puentes,74,F,Bogotá,1,15,2025-05-09
1037,Sandra Cabrera Bohórquez,74,F,Medellín,2,11,2025-05-10
1038,Luis Córdoba Velasco,55,M,Bogotá,1,14,2024-12-25
1039,Marina Ana Polo,68,F,Bogotá,1,9,2025-05-28
1040,Miguel Vargas Uribe,55,M,Cartagena,5,8,2025-02-04
1041,Jhonatan Carlos Mejía González,22,M,Barranquilla,4,9,2025-05-12
1042,Socorro Julieth Martínez,47,F,Cali,3,12,2025-02-05
1043,Antonio Polo,44,M,Barranquilla,4,11,2025-03-02
1044,Héctor Sierra Zambrano,76,M,Medellín,2,14,2025-01-02
1045,Luis Juan Cárdenas,33,F,Medellín,2,11,2024-10-22
1046,Elkin Palacios Serrano,38,F,Medellín,2,12,2025-03-02
1047,Eliana Mabel Ramírez Zambrano,72,M,Medellín,2,5,2024-08-13
1048,Raúl José Gallego Moreno,76,F,Barranquilla,4,15,2025-03-09
1049,Milena Karina Osorio Quintero,49,F,Medellín,2,16,2024-08-29
1050,Alfonso Rojas,21,F,Medellín,2,10,2024-12-10
1051,Jonathan Medina,76,M,Cali,3,10,2024-08-21
1052,Carolina Sandra Monroy Ortega,18,M,Bogotá,1,10,2024-07-31
1053,Luz Arias Zambrano,34,M,Bogotá,1,14,2024-08-05
1054,Inés López,32,F,Bogotá,1,13,2025-03-29
1055,Jeisson Ortiz,18,M,Medellín,2,12,2024-08-22
1056,David Giraldo Sánchez,78,F,Bogotá,1,13,2025-03-04
1057,Paula Camacho Ardila,76,M,Medellín,2,14,2024-06-21
1058,Adriana Ana Cano Gómez,23,F,Medellín,2,14,2024-11-09
1059,Javier Cáceres Naranjo,34,M,Bogotá,1,9,2025-02-17
1060,Andrés Santos,64,M,Barranquilla,4,5,2024-06-17
1061,Yaneth Mireya Obando Riascos,34,M,Cali,3,12,2025-01-02
1062,Diana Contreras Campo,49,F,Bogotá,1,15,2024-10-19
1063,Henry Antonio Gómez,36,M,Medellín,2,8,2025-01-17
1064,Luis Jesús León,31,F,Bogotá,1,9,2024-11-15
1065,Beatriz Eliana Hernández,78,M,Cartagena,5,5,2024-09-21
1066,Wilber Jhoan Pérez Vergara,46,M,Cali,3,9,2025-03-16
1067,Andrés Mora,66,F,Cali,3,11,2024-10-23
1068,Antonio Quintero,22,M,Medellín,2,8,2025-04-03
1069,José Méndez,65,F,Bogotá,1,11,2024-11-24
1070,Eduardo Mena Herrera,33,M,Cartagena,5,7,2025-01-10
1071,Víctor Solano,48,F,Barranquilla,4,16,2024-06-01
1072,Catalina Obando,39,M,Medellín,2,14,2024-10-15
1073,Albert Pedro Rodríguez,24,F,Barranquilla,4,14,2024-09-20
1074,María María Gallego Rincón,67,F,Cartagena,5,14,2025-02-14
1075,Jesús Javier Domínguez,35,F,Cartagena,5,13,2025-02-24
1076,Fabián Vergara,66,F,Bogotá,1,14,2024-07-21
1077,Carmen Lina Castro Perdomo,44,F,Medellín,2,10,2025-03-28
1078,Esteban Calderón Mesa,22,M,Cartagena,5,6,2024-09-09
1079,Óscar Adolfo Rodríguez Quiroga,76,M,Bogotá,1,9,2024-07-25
1080,Luz Peña,36,F,Medellín,2,7,2025-05-01
1081,Federico Arrieta,47,M,Bogotá,1,10,2025-03-03
1082,Fernando Julián Duarte,30,F,Cartagena,5,13,2024-10-11
1083,Daniela Parra,40,F,Barranquilla,4,11,2024-09-19
1084,Diego Luis Ardila,71,M,Medellín,2,13,2024-11-26
1085,Flor Martha García,41,F,Cartagena,5,13,2024-08-27
1086,Luis Rubén Herrera García,25,F,Cartagena,5,15,2024-07-13
1087,Luis Córdoba,23,F,Bogotá,1,16,2024-07-09
1088,María Kelly Díaz Sanabria,58,M,Cartagena,5,9,2025-01-17
1089,Mónica Natalia Portilla Marín,58,M,Cali,3,6,2024-09-05
1090,Johana Mesa Henao,76,M,Medellín,2,6,2025-03-18
1091,Jimena Yamile Franco,52,F,Medellín,2,16,2024-08-26
1092,Gallego Díaz,27,F,Medellín,2,6,2024-06-22
1093,Doris Camargo,72,M,Bogotá,1,12,2024-11-10
1094,María Yurany Marín,58,F,Bogotá,1,11,2024-08-26
1095,Joaquín Caro Triana,37,M,Cali,3,9,2024-08-18
1096,Rosa Luisa Moreno,51,F,Medellín,2,7,2024-07-26
1097,Ernesto Rodríguez,44,F,Medellín,2,7,2024-06-22
1098,Edison Luis Vera,65,F,Barranquilla,4,16,2025-03-02
1099,Juliana Bautista,76,F,Medellín,2,16,2024-12-22
1100,Álvaro Galeano Orozco,18,M,Barranquilla,4,7,2024-06-16
1101,Isabel Liliana Benítez Oviedo,70,M,Medellín,2,17,2025-05-16
1102,Rocío Valentina Romero Ortega,38,M,Cartagena,5,12,2024-12-24
1103,Héctor Galeano,51,F,Cali,3,13,2025-04-08
1104,Juan Enrique Navarro,18,M,Bogotá,1,15,2025-04-27
1105,Carlos Ardila,26,F,Cartagena,5,9,2024-06-16
1106,Johanna Palacio,53,M,Cartagena,5,8,2025-01-09
1107,José Jhon Cárdenas,23,F,Barranquilla,4,16,2024-09-29
1108,Liliana Acosta,67,M,Bogotá,1,11,2024-11-25
1109,Campo Gallego,69,M,Medellín,2,11,2024-09-02
1110,Gloria Marcela Rodríguez,45,M,Cartagena,5,10,2025-04-16
1111,Patricia Cuéllar,26,M,Medellín,2,9,2025-02-20
1112,Luis González Alarcón,45,M,Cartagena,5,16,2024-08-08
1113,Yésica Ruth Torres,67,F,Cali,3,14,2024-11-14
1114,Alejandro Torres Triana,70,M,Cali,3,15,2024-07-31
1115,Luz Camargo Rincón,50,M,Bogotá,1,8,2025-01-15
1116,Julio Guillermo Martínez Torres,51,F,Bogotá,1,11,2025-02-07
1117,Carlos León,75,M,Barranquilla,4,6,2024-10-14
1118,Tulio Alexander Ruiz,72,F,Medellín,2,6,2025-04-28
1119,Johanna María Benavides,36,F,Barranquilla,4,7,2025-04-17
1120,Alberto Cruz Mendoza,27,F,Bogotá,1,15,2025-03-08
1121,Moisés Jefferson Franco,44,F,Medellín,2,6,2025-01-06
1122,Germán Luis Garcés Bolaños,59,M,Bogotá,1,14,2024-10-19
1123,María Consuelo Castro Flórez,60,M,Bogotá,1,15,2024-10-11
1124,Orlando Lozano,45,M,Medellín,2,12,2025-05-03
1125,Tatiana Rosa Cárdenas Rodríguez,35,F,Barranquilla,4,11,2024-12-08
1126,Mauricio Cáceres Valencia,75,M,Medellín,2,10,2024-11-09
1127,Paul Rodrigo López,53,F,Medellín,2,12,2025-01-31
1128,Alberto Julio Ortiz,35,F,Barranquilla,4,11,2024-08-10
1129,Elkin Galindo Mesa,75,M,Barranquilla,4,12,2024-11-16
1130,Jairo Andrés Rentería Gamboa,24,M,Cali,3,9,2025-01-14
1131,Luz Luz Sánchez,45,M,Bogotá,1,12,2024-08-19
1132,Rafael Javier Guevara Romero,31,F,Barranquilla,4,6,2024-11-16
1133,Fredy Mejía,55,F,Medellín,2,6,2025-02-23
1134,Albeiro Felipe Polo,22,M,Bogotá,1,10,2024-07-23
1135,Diego Vergara,67,M,Cartagena,5,15,2024-11-12
1136,Alex Sebastián Gallego,37,M,Barranquilla,4,8,2024-06-04
1137,Laura Nelly Mendoza,18,F,Barranquilla,4,7,2024-07-05
1138,María Marcela Sierra,42,M,Cali,3,13,2025-03-11
1139,Alberto Carvajal,42,M,Barranquilla,4,17,2025-01-21
1140,Karol Mora Méndez,72,F,Bogotá,1,12,2024-12-03
1141,Patricia Vargas,59,M,Medellín,2,11,2024-06-21
1142,María Fernández Velásquez,33,M,Medellín,2,16,2024-08-23
1143,Miriam Lucía Velásquez Ospina,26,F,Bogotá,1,6,2024-11-22
1144,Katerine Sandra Mora,56,F,Barranquilla,4,8,2024-08-01
1145,Laura Rodríguez,59,M,Barranquilla,4,16,2024-09-03
1146,Brandon Antonio Guzmán Agudelo,33,M,Medellín,2,6,2025-01-05
1147,Enrique Rodríguez Mendoza,26,M,Bogotá,1,15,2025-05-25
1148,José Edilson García,49,F,Medellín,2,10,2024-09-10
1149,Camilo Juan Sánchez Lara,40,M,Bogotá,1,8,2025-04-18
1150,Fernando Junior Puentes,38,F,Barranquilla,4,6,2024-12-05
1151,Yenny Mireya Romero,35,F,Barranquilla,4,11,2024-09-01
1152,Jesús Cardona Giraldo,47,M,Cali,3,11,2025-05-07
1153,Yaneth Rodríguez Perea,75,F,Barranquilla,4,15,2024-11-26
1154,Ernesto Alberto Díaz Toro,26,F,Bogotá,1,8,2025-04-04
1155,Sebastián Sergio Páez Sandoval,71,M,Bogotá,1,12,2025-02-02
1156,Adrián Gómez,79,F,Medellín,2,8,2024-06-11
1157,Anyi Aurora Bastidas,78,M,Cali,3,13,2024-06-11
1158,Rosa Virginia Ramírez,36,M,Medellín,2,6,2024-07-06
1159,Luis José González,59,M,Medellín,2,16,2025-03-12
1160,Yuri Nubia Caro,30,F,Medellín,2,7,2024-11-17
1161,Enrique Navarro Figueroa,65,M,Cali,3,5,2025-02-21
1162,Johan Alberto Ruiz Castro,78,M,Medellín,2,6,2025-03-10
1163,Mario Bustamante,43,M,Bogotá,1,12,2024-10-22
1164,Giovanni Vélez,43,M,Bogotá,1,13,2024-10-27
1165,Liliana Chaparro,66,M,Bogotá,1,7,2024-12-14
1166,Álvaro Arias Díaz,79,M,Barranquilla,4,10,2024-12-04
1167,Ingrid Ariza,20,M,Cali,3,15,2025-03-31
1168,Inés Ocampo Hernández,43,F,Bogotá,1,10,2024-10-10
1169,Raúl Ojeda Montoya,26,F,Barranquilla,4,16,2025-03-09
1170,Segundo Gómez,74,F,Barranquilla,4,14,2024-08-17
1171,Alberto Edilberto Ruiz Osorio,68,F,Medellín,2,15,2024-10-02
1172,Jairo Rico,46,M,Cali,3,14,2025-02-01
1173,Albeiro Torres Bermúdez,62,M,Barranquilla,4,7,2025-05-19
1174,Martha Prada,63,F,Bogotá,1,7,2024-08-02
1175,Alejandra Paola González López,68,F,Barranquilla,4,15,2024-07-23
1176,Cecilia Calderón,39,F,Bogotá,1,7,2024-08-07
1177,José Andrés Castro Castillo,32,F,Barranquilla,4,14,2024-10-30
1178,Rocío Velásquez Arango,62,F,Cali,3,9,2024-06-10
1179,Betty Sandra Sarmiento Rueda,71,M,Medellín,2,7,2025-02-27
1180,Sandra Jiménez,76,F,Cartagena,5,9,2025-01-07
1181,Miguel Sanabria,71,F,Bogotá,1,8,2024-12-23
1182,Consuelo Bolívar,79,F,Bogotá,1,14,2024-07-20
1183,Andrea Yurani Acosta,48,M,Bogotá,1,8,2025-05-18
1184,Yudy María Rincón Cabrera,66,M,Cali,3,7,2025-02-23
1185,Gustavo Emilio Rico Torres,32,F,Barranquilla,4,6,2024-11-24
1186,Carlos Forero,26,F,Cali,3,15,2024-07-19
1187,Danilo Ricardo Sánchez Prada,62,F,Barranquilla,4,16,2024-06-07
1188,Carlos Chávez,69,M,Cali,3,13,2025-01-24
1189,Iván Fernando Portilla,61,M,Cali,3,7,2025-03-31
1190,Mauricio Vargas Marín,45,F,Cali,3,12,2025-03-27
1191,Alejandro Javier Mercado,40,M,Cartagena,5,16,2024-10-13
1192,Diana Duque,43,F,Medellín,2,7,2024-07-16
1193,Juan Vallejo,39,F,Cali,3,16,2025-02-23
1194,Luz Johana Ramírez Montes,78,M,Medellín,2,15,2025-01-15
1195,Marcela Luz Gonzáles,57,M,Medellín,2,11,2024-11-20
1196,Enrique Mauricio Márquez Chávez,76,F,Medellín,2,14,2024-11-10
1197,David Javier Mercado Correa,32,F,Medellín,2,16,2024-07-30
1198,Daniel Sebastián Ávila Pérez,67,F,Cali,3,5,2024-12-05
1199,Luis Bonilla Rentería,35,F,Barranquilla,4,8,2025-01-27
1200,Piedad Montenegro,55,M,Medellín,2,5,2025-05-26
1201,Daniela Mabel Rodríguez,47,M,Cartagena,5,8,2025-04-08
1202,John Horacio Ballesteros Barbosa,49,F,Medellín,2,6,2025-05-26
1203,Carolina Dayana Gómez,30,M,Cali,3,10,2024-07-23
1204,José Juan Gómez,27,M,Barranquilla,4,10,2024-06-17
1205,Alejandra Shirley Caicedo Giraldo,21,F,Barranquilla,4,11,2024-08-10
1206,Patricia María Gutiérrez,41,F,Cartagena,5,12,2024-12-20
1207,Eugenia Fernández Forero,29,M,Cali,3,17,2024-06-10
1208,Rita Mosquera Marín,39,F,Bogotá,1,13,2024-08-31
1209,Iván Andrey Ortiz García,32,M,Cartagena,5,9,2025-01-14
1210,Yesenia Angie Ávila López,65,F,Barranquilla,4,15,2025-03-15
1211,Fredy González Rivera,76,F,Cartagena,5,16,2024-08-28
1212,Pablo Javier Mejía Gómez,24,F,Barranquilla,4,14,2024-09-19
1213,David Arturo Beltrán Fernández,25,M,Bogotá,1,12,2024-06-27
1214,Yineth Meza Sánchez,55,F,Cali,3,6,2024-10-28
1215,Hernán Carlos Vallejo,78,M,Cartagena,5,9,2024-12-14
1216,Hernando Camargo,44,M,Bogotá,1,15,2024-10-11
1217,William Buitrago,28,M,Cartagena,5,5,2025-03-02
1218,Gabriel Cano García,28,F,Barranquilla,4,10,2025-02-17
1219,Angie Patricia Jaramillo Martínez,55,M,Bogotá,1,11,2024-08-21
1220,Esperanza Yolanda Rodríguez Ramírez,49,F,Cali,3,14,2025-01-11
1221,María Ximena Acosta,60,F,Barranquilla,4,13,2025-03-11
1222,Katherine Gloria Martínez,22,M,Cartagena,5,8,2025-03-05
1223,Carolina Ortega Suárez,21,M,Medellín,2,15,2024-06-26
1224,Adolfo Steven Peña Garzón,27,M,Medellín,2,8,2025-02-08
1225,Javier Lozano García,36,M,Bogotá,1,14,2024-09-17
1226,Enrique Trujillo,51,M,Medellín,2,14,2024-08-01
1227,Virginia López Mosquera,22,M,Cali,3,10,2025-01-20
1228,Eduardo Roa Ortega,21,F,Cartagena,5,10,2025-04-16
1229,Alejandro Leandro Muñoz Vélez,55,M,Medellín,2,5,2024-08-11
1230,Manuel Bernardo Quintero Díaz,71,F,Medellín,2,6,2024-06-04
1231,David Pérez,38,F,Cartagena,5,13,2024-10-30
1232,Santos Elías Mendoza Ávila,76,M,Bogotá,1,10,2024-10-06
1233,Martha Bonilla,27,F,Cali,3,15,2024-11-27
1234,Paula Martha Manrique Suárez,24,F,Barranquilla,4,7,2024-07-12
1235,Diana Gloria Morales,29,F,Bogotá,1,5,2024-06-02
1236,Fernando Esteban Castañeda,34,M,Cali,3,12,2025-01-06
1237,Luz Carmen Torres,65,M,Bogotá,1,6,2024-10-07
1238,María Maldonado Polo,32,F,Bogotá,1,13,2024-06-14
1239,Manuel Rojas Villa,47,F,Barranquilla,4,15,2024-12-14
1240,Andrés Jhon Mosquera,43,F,Cali,3,8,2024-08-22
1241,Daniel Pablo Vega Ruiz,55,F,Cali,3,6,2024-12-03
1242,Cecilia Barragán García,28,F,Bogotá,1,8,2024-09-22
1243,Luz Castro Díaz,37,F,Cali,3,13,2024-12-02
1244,Ariel Sierra,34,F,Bogotá,1,14,2024-06-23
1245,María Carmen Navarro Marín,33,F,Barranquilla,4,9,2024-09-14
1246,Jhon Santos Acosta,76,M,Medellín,2,13,2025-01-08
1247,Leonardo Edwin Ruiz,70,M,Bogotá,1,13,2024-07-30
1248,Alexis Eduardo Cifuentes Ramos,26,M,Cartagena,5,14,2024-11-27
1249,Ricardo Norberto Olaya,59,M,Bogotá,1,8,2024-11-26
1250,Dahiana Luz Ortega Páez,32,M,Cali,3,13,2025-03-07
1251,Dary García Ortiz,37,F,Bogotá,1,11,2025-04-14
1252,Jesús Jorge Agudelo García,29,M,Medellín,2,13,2024-08-22
1253,Cecilia Sonia Pinzón Soto,47,M,Barranquilla,4,6,2024-06-01
1254,Brayan Mercado,51,F,Cali,3,8,2025-05-08
1255,María Catalina Lozano Suárez,51,M,Bogotá,1,13,2024-10-02
1256,María Restrepo,41,F,Bogotá,1,9,2024-09-15
1257,Michael Javier Salazar,37,M,Medellín,2,10,2025-05-23
1258,Cecilia Arévalo,57,F,Barranquilla,4,10,2024-08-26
1259,Manuel García,40,F,Bogotá,1,13,2024-10-24
1260,Alejandra Clara Caballero,73,F,Bogotá,1,13,2024-10-24
1261,Leticia Diana López Rivera,66,F,Medellín,2,16,2025-02-03
1262,Fernando Valencia Pineda,39,F,Bogotá,1,9,2024-07-14
1263,Paola Ester Palacios López,41,M,Medellín,2,6,2024-10-14
1264,Mercedes María Carmona Murcia,19,M,Bogotá,1,13,2024-06-01
1265,Carmen Vargas Rojas,63,F,Barranquilla,4,13,2024-06-12
1266,Nelson Jhon Marín Vélez,27,F,Medellín,2,10,2025-01-18
1267,Alejandro Molano,65,F,Cali,3,14,2025-05-16
1268,Enrique Muñoz,72,M,Bogotá,1,12,2025-02-11
1269,Andrés González Alzate,59,M,Barranquilla,4,17,2025-04-17
1270,Patricia Esperanza Pinzón Bernal,39,M,Medellín,2,13,2024-10-22
1271,Humberto Wilson Fernández Mosquera,68,F,Cali,3,16,2024-06-02
1272,Nora María Vargas,59,M,Cali,3,15,2024-07-15
1273,Josué José Ibarra,34,F,Barranquilla,4,13,2025-02-23
1274,Jesús Ramírez Gutiérrez,43,M,Cartagena,5,15,2024-11-10
1275,Omar Niño,33,M,Medellín,2,10,2025-05-03
1276,Juan Edison Pérez González,24,M,Barranquilla,4,12,2025-04-17
1277,María Carmenza Portilla,33,M,Barranquilla,4,8,2024-09-08
1278,Olga Viviana Orozco Herrera,42,F,Medellín,2,13,2024-11-13
1279,Luz María Jiménez,34,M,Bogotá,1,14,2024-07-27
1280,Luz Rodríguez Muñoz,30,M,Medellín,2,11,2024-12-29
1281,Yaneth Yuli Sánchez,71,F,Barranquilla,4,17,2024-10-01
1282,Juan Sanabria,30,F,Cartagena,5,12,2024-11-27
1283,Juan Estrada,73,F,Bogotá,1,11,2025-01-10
1284,Enrique Agudelo Silva,45,M,Medellín,2,10,2024-08-08
1285,Yolima Yaneth Burgos,39,F,Barranquilla,4,11,2025-02-13
1286,Socorro Fanny Díaz Guerrero,25,F,Cartagena,5,11,2024-11-29
1287,Emma Edith Pérez,49,M,Barranquilla,4,16,2024-12-10
1288,Milena Lucía Fuentes Vásquez,76,F,Medellín,2,16,2024-06-06
1289,Alba Sanabria,46,M,Barranquilla,4,6,2024-05-31
1290,Carlos José Hernández,42,M,Bogotá,1,10,2025-05-03
1291,Danny Humberto Barrera González,38,F,Medellín,2,14,2024-06-13
1292,Alberto Sánchez,39,F,Medellín,2,9,2024-11-08
1293,Ricardo Raúl Gutiérrez,37,F,Barranquilla,4,16,2025-04-27
1294,Felipe Sánchez,50,M,Bogotá,1,5,2024-12-26
1295,Luis García Pineda,25,F,Medellín,2,5,2024-07-10
1296,Graciela Marcela Hernández Álvarez,25,M,Medellín,2,12,2025-03-08
1297,Tatiana Villamil Pérez,30,M,Barranquilla,4,16,2025-02-22
1298,Juan Duarte,42,M,Medellín,2,10,2025-02-15
1299,David Pedro Muñoz Gallego,35,M,Medellín,2,12,2024-12-24
1300,Nelson Parra,30,F,Cali,3,5,2024-07-27
1301,Luz Lorena Londoño Gutiérrez,47,F,Medellín,2,7,2025-04-27
1302,Dagoberto Sánchez,65,M,Barranquilla,4,11,2025-02-25
1303,Fabio Manuel Maldonado Guerra,69,M,Medellín,2,6,2024-09-29
1304,Jennifer María Cardona Caicedo,61,M,Medellín,2,14,2025-03-17
1305,Eva Mercedes Torres,69,F,Bogotá,1,10,2024-09-23
1306,Omaira Valentina Gonzáles Yepes,26,F,Barranquilla,4,6,2025-01-10
1307,María Delia Molina,28,F,Barranquilla,4,5,2024-09-04
1308,Ana Zapata Durán,29,M,Medellín,2,16,2024-10-09
1309,Giovanni Felipe Ortiz Corredor,25,M,Cali,3,15,2024-10-22
1310,Carlos Andrés Espitia,59,F,Cali,3,6,2024-09-08
1311,Mauricio López Murillo,60,M,Barranquilla,4,8,2024-07-26
1312,Andrés Gaviria Rojas,75,M,Bogotá,1,5,2024-08-11
1313,Libia Lizeth Jiménez Cano,40,F,Cali,3,10,2024-12-26
1314,Andrea Esther Ramírez Rodríguez,55,M,Medellín,2,11,2024-10-02
1315,Sebastián Dany Marín Soto,58,M,Medellín,2,8,2025-04-23
1316,Cecilia Mosquera,41,M,Medellín,2,8,2024-09-27
1317,Juan Martínez Garzón,57,M,Cartagena,5,11,2024-11-10
1318,Sandra Astrid Rosero Gutiérrez,34,F,Medellín,2,12,2024-12-08
1319,Fernando Meza Muñoz,45,F,Bogotá,1,8,2025-04-29
1320,Margarita Luz Osorio Cardozo,68,F,Cartagena,5,12,2024-10-02
1321,Alfonso Humberto Trujillo,66,M,Medellín,2,9,2024-12-06
1322,Paola Suárez Rodríguez,69,F,Cartagena,5,9,2025-01-24
1323,Andrés Pablo Pinzón Bustos,72,F,Barranquilla,4,6,2025-03-19
1324,Liliana Cortés Núñez,52,F,Medellín,2,8,2025-05-18
1325,Jhon Carrillo,45,M,Medellín,2,14,2024-12-28
1326,Ximena Andrea Buitrago Rodríguez,57,M,Medellín,2,17,2024-09-23
1327,Andrés Pérez,67,F,Cartagena,5,14,2025-03-09
1328,Ofelia Inés Bautista Ávila,26,M,Bogotá,1,12,2025-05-10
1329,Pablo Quintero Guevara,41,M,Cali,3,14,2025-02-19
1330,María Paula Cárdenas,20,F,Cartagena,5,15,2025-05-07
1331,Javier Martínez,59,M,Medellín,2,14,2024-06-17
1332,Fernando Armando Suárez,57,F,Cali,3,16,2025-05-28
1333,Miguel Montoya,22,M,Cartagena,5,8,2024-06-26
1334,Laura Diana Alarcón,66,M,Cartagena,5,15,2025-05-04
1335,Milena Esperanza Mercado Miranda,70,F,Bogotá,1,7,2025-02-17
1336,María Márquez,40,M,Barranquilla,4,17,2024-09-16
1337,Diana Rodríguez Martínez,40,F,Cartagena,5,7,2025-02-23
1338,Luz Duarte Díaz,65,M,Medellín,2,12,2024-07-22
1339,Javier Andrés Murillo Martínez,47,M,Bogotá,1,11,2024-07-12
1340,Laura Dayana Durán Cruz,37,M,Cali,3,15,2024-10-25
1341,Amanda Mena Betancur,79,M,Bogotá,1,10,2024-06-15
1342,Carmen Tulia Forero Salas,78,M,Bogotá,1,5,2025-03-10
1343,Javier Fernández Ospino,69,M,Medellín,2,17,2024-08-25
1344,Amanda Luz Molina Mejía,74,F,Bogotá,1,16,2024-07-27
1345,Pilar Cardona Moreno,60,F,Medellín,2,11,2025-01-06
1346,Augusto Ortega Torres,35,M,Cali,3,12,2025-04-17
1347,Ramón Jesús Caicedo,40,F,Cali,3,8,2024-08-12
1348,Emerson Luis Hurtado,27,M,Medellín,2,8,2024-08-29
1349,Yaneth Margarita Rendón,72,M,Bogotá,1,8,2025-03-31
1350,Lina Milena Torres Ospino,70,M,Bogotá,1,10,2025-03-15
1351,Mauricio Jiménez Montoya,62,F,Bogotá,1,10,2024-09-30
1352,John Alex Bermúdez,65,F,Bogotá,1,11,2025-01-26
1353,Alberto Ardila,68,F,Cali,3,6,2024-07-04
1354,Orlando Martínez,76,F,Bogotá,1,13,2024-12-04
1355,Alberto Carrillo Serna,47,M,Medellín,2,11,2024-08-18
1356,Jhony Sánchez Pérez,38,F,Cartagena,5,12,2025-03-05
1357,Carmen Luz Fuentes Moreno,69,M,Bogotá,1,7,2025-02-10
1358,Luz Bermúdez Díaz,57,M,Medellín,2,6,2024-07-24
1359,María Estrada Romero,59,F,Medellín,2,5,2025-02-04
1360,Marta Elsy Garzón Cardona,34,F,Barranquilla,4,16,2024-09-17
1361,Andrea Astrid Ramos,33,F,Cartagena,5,11,2024-11-08
1362,Rosa Maritza Gutiérrez Muñoz,43,M,Medellín,2,6,2025-05-21
1363,Luis Galeano,65,F,Barranquilla,4,5,2025-04-14
1364,Judith Rosario Salgado,31,M,Cali,3,11,2024-10-13
1365,Roberto Guerrero Castro,71,M,Barranquilla,4,13,2025-03-27
1366,Orlando Andrés Durán Marín,73,M,Medellín,2,6,2025-03-16
1367,Iris Gloria Ramírez Londoño,75,M,Cali,3,11,2025-03-04
1368,Olga Zambrano Zapata,43,M,Cali,3,13,2025-03-01
1369,Rosa Lizeth Giraldo Sánchez,23,F,Medellín,2,10,2024-09-20
1370,Juan Jhon López Alzate,34,M,Cartagena,5,7,2025-05-30
1371,Daniel Amaya Murcia,72,M,Medellín,2,14,2025-02-12
1372,Leonardo Zapata García,64,F,Barranquilla,4,8,2024-09-29
1373,Luz Rodríguez Uribe,36,F,Bogotá,1,8,2024-09-10
1374,Dahiana Jacqueline González Giraldo,75,F,Cali,3,9,2024-06-02
1375,Fabián Salcedo,78,M,Medellín,2,14,2024-10-31
1376,Pedro Sergio Morales,18,M,Medellín,2,14,2025-01-14
1377,Mauricio Elías Gómez Miranda,75,F,Medellín,2,10,2025-04-29
1378,Rosa Herrera González,64,F,Bogotá,1,11,2025-04-13
1379,Oliva López Reyes,33,F,Cali,3,8,2024-11-22
1380,Carlos Elver Mosquera Bedoya,45,F,Medellín,2,9,2025-04-29
1381,Ana Garzón Moreno,71,F,Cali,3,7,2025-04-19
1382,Olga Alejandra Álvarez Castro,48,M,Cartagena,5,15,2024-06-28
1383,Amparo Castro Rodríguez,25,M,Bogotá,1,13,2024-07-31
1384,Alexander Fabián Rodríguez,56,F,Medellín,2,13,2024-10-03
1385,Jimena Yulieth Jaramillo,47,F,Medellín,2,16,2024-10-16
1386,Abelardo Jorge Jiménez,22,M,Cali,3,12,2024-08-24
1387,Jorge José Ochoa Ariza,60,F,Barranquilla,4,12,2024-10-04
1388,Juan Manuel Murcia García,23,F,Barranquilla,4,13,2024-12-20
1389,Yenifer Antonia Hernández Ortiz,61,F,Medellín,2,16,2025-02-22
1390,Guillermo Castro Vega,59,F,Medellín,2,13,2024-12-06
1391,Andrés Rodríguez González,26,M,Cali,3,13,2024-11-24
1392,Luz Rendón,65,F,Cali,3,16,2024-08-20
1393,Jeison Robert García Orozco,60,M,Barranquilla,4,8,2025-03-21
1394,Óscar Carlos Díaz,34,M,Medellín,2,9,2024-11-21
1395,Mónica Ibeth Salamanca,39,F,Medellín,2,8,2025-01-04
1396,Harol Pérez Gutiérrez,18,F,Medellín,2,11,2025-03-02
1397,Edilberto Óscar Gómez,28,M,Barranquilla,4,11,2024-11-24
1398,Óscar Luis Arango Ochoa,77,F,Bogotá,1,15,2024-07-31
1399,Pablo Sarmiento,35,M,Medellín,2,13,2024-07-21
1400,Dario Álvaro Roa Muñoz,27,M,Bogotá,1,14,2025-04-23
1401,Johana Escobar Castro,40,F,Medellín,2,11,2024-12-28
1402,José Andrés Contreras,62,F,Bogotá,1,15,2024-11-28
1403,Mauricio William Cárdenas Rodríguez,59,M,Barranquilla,4,14,2024-07-10
1404,Carmen Luna Rojas,58,M,Medellín,2,17,2024-10-11
1405,Isabel Pérez,51,F,Cali,3,8,2024-06-11
1406,María Benavides,38,M,Bogotá,1,8,2024-08-26
1407,Carolina Emma Mejía,72,M,Cartagena,5,12,2025-04-12
1408,Karen Rueda,59,F,Cartagena,5,6,2024-11-21
1409,Ibeth Camila Hernández,33,M,Bogotá,1,11,2024-08-02
1410,Rita Claudia Rincón López,70,M,Medellín,2,8,2024-09-01
1411,Mercedes Carvajal Bedoya,74,F,Cartagena,5,17,2024-11-03
1412,María Ramírez Ortiz,30,F,Cali,3,15,2024-10-01
1413,Fernando Quintero,43,M,Bogotá,1,13,2025-03-31
1414,Enrique Carrillo,64,M,Cartagena,5,14,2025-04-27
1415,Edwin Esteban Patiño,30,F,Bogotá,1,13,2025-04-12
1416,Juan Pérez,34,F,Bogotá,1,5,2025-02-28
1417,Carolina Claudia Serrano Mendoza,22,F,Barranquilla,4,9,2025-02-19
1418,Luis Caicedo,46,M,Medellín,2,10,2025-03-15
1419,María Elizabeth González,33,F,Bogotá,1,10,2025-01-11
1420,Enrique Cárdenas,69,F,Cali,3,17,2024-12-15
1421,Aníbal Méndez Leal,32,F,Barranquilla,4,10,2024-07-08
1422,María Claudia Guerra Benítez,59,M,Bogotá,1,8,2024-07-09
1423,Fernando Ramírez,69,M,Barranquilla,4,10,2025-05-15
1424,José Agudelo Prieto,53,F,Barranquilla,4,9,2025-05-22
1425,David Mora Rincón,35,M,Bogotá,1,11,2024-09-21
1426,Andrea María Cáceres Rodríguez,62,M,Bogotá,1,11,2025-04-22
1427,Julián Steven Cifuentes Sánchez,60,F,Barranquilla,4,13,2024-07-30
1428,Jair Iván Serrano,39,F,Medellín,2,11,2024-11-30
1429,Edinson Osorio Cárdenas,26,M,Medellín,2,8,2024-06-12
1430,Rafael Iván Pacheco Loaiza,23,F,Medellín,2,8,2024-08-24
1431,Marino Yeison Caicedo,49,F,Bogotá,1,15,2024-11-26
1432,Jaime Marco Oviedo Beltrán,37,M,Medellín,2,6,2024-07-18
1433,María Johana Valencia Cantillo,21,M,Bogotá,1,10,2024-08-02
1434,Santiago Omar Ramírez,26,F,Bogotá,1,6,2025-04-14
1435,Marina Rita Gómez,59,F,Bogotá,1,12,2024-12-23
1436,Mónica Sandra Ochoa,78,M,Cali,3,8,2024-12-17
1437,Silvia Eugenia Velásquez Amaya,49,F,Cartagena,5,8,2024-11-28
1438,Carolina Calderón Moreno,19,F,Medellín,2,9,2024-09-21
1439,Israel Álvarez,33,F,Cali,3,14,2025-01-02
1440,César Rosero Mesa,60,F,Cartagena,5,13,2024-10-29
1441,Judith Stella Ospina Martínez,38,F,Bogotá,1,5,2024-12-10
1442,Alexander Misael Fernández,67,F,Bogotá,1,14,2024-09-19
1443,Kelly Ángela Díaz Jiménez,45,F,Cartagena,5,5,2025-01-18
1444,Cecilia Virginia Castro,70,F,Cali,3,5,2024-09-21
1445,Lucía María Riascos,41,F,Medellín,2,13,2025-04-08
1446,Raúl Antonio López,57,F,Bogotá,1,9,2025-02-20
1447,Fernando Rodríguez Mena,59,M,Medellín,2,8,2025-01-22
1448,Diana Virginia Morales,66,F,Cartagena,5,5,2025-01-09
1449,Yadira Johana Romero Barrera,47,F,Cali,3,7,2024-07-14
1450,José Cruz Acosta,49,M,Bogotá,1,12,2025-02-10
1451,Jairo Carlos Angulo Chávez,57,M,Cali,3,17,2024-10-08
1452,Augusto Gómez,59,M,Barranquilla,4,13,2024-07-13
1453,Miguel Andrés Fuentes,62,F,Cali,3,9,2024-06-05
1454,Cecilia Yazmín Figueroa Ortiz,60,M,Barranquilla,4,16,2025-02-03
1455,Enrique Cristian Alfonso,49,F,Cartagena,5,15,2024-12-18
1456,María Rojas López,57,M,Cartagena,5,16,2025-02-07
1457,Fanny Cristina Palacios,49,M,Bogotá,1,17,2025-03-29
1458,Leidy Jaramillo,56,F,Barranquilla,4,7,2024-11-03
1459,Alberto César Rodríguez Pérez,77,F,Medellín,2,7,2024-06-21
1460,Andrés Monsalve Moreno,19,M,Medellín,2,13,2025-05-09
1461,Gustavo Jiménez Pardo,46,M,Cartagena,5,14,2025-01-20
1462,María Gil,78,M,Cali,3,10,2025-01-28
1463,Nancy Estefanía Acevedo Sandoval,63,F,Medellín,2,15,2025-01-22
1464,Luis García,31,F,Cali,3,10,2025-04-17
1465,Astrid Dayana Rubio Jaramillo,73,F,Medellín,2,17,2025-05-24
1466,Marcela Rodríguez,39,F,Cartagena,5,9,2025-03-11
1467,Mirian Lina Martínez,49,M,Cali,3,9,2024-06-12
1468,Carlos William Giraldo González,55,M,Cali,3,9,2025-02-22
1469,Piedad Carvajal,76,F,Bogotá,1,13,2024-10-02
1470,María Olaya,57,M,Cali,3,9,2024-07-28
1471,Milena Romero Rodríguez,23,F,Bogotá,1,13,2024-09-07
1472,Luis Gómez Herrera,31,M,Cali,3,5,2025-04-19
1473,Libia Prieto Ballesteros,32,F,Bogotá,1,12,2024-12-30
1474,Manuela Paula Arévalo,64,F,Barranquilla,4,5,2024-07-03
1475,María Leonor Quiroga,44,F,Medellín,2,6,2024-12-28
1476,Carlos Gabriel Fuentes,76,F,Barranquilla,4,12,2025-04-06
1477,César García,52,M,Bogotá,1,6,2024-12-21
1478,John Serna Gómez,79,M,Bogotá,1,8,2024-07-07
1479,Aura Rodríguez,37,M,Cartagena,5,15,2024-12-12
1480,Adriana Barrera Ríos,23,M,Medellín,2,10,2024-11-04
1481,María Myriam Bedoya Luna,19,M,Medellín,2,14,2024-11-03
1482,Juan Montes,42,F,Medellín,2,11,2025-03-08
1483,Luz Laura Palacios Villamizar,61,M,Medellín,2,12,2024-08-22
1484,Antonio Ramírez Romero,41,M,Cartagena,5,12,2025-02-04
1485,Yuri Beatriz Medina Montenegro,52,F,Barranquilla,4,12,2025-02-18
1486,Elkin Solano Rincón,75,M,Barranquilla,4,8,2025-05-09
1487,Angie María Díaz Cuéllar,46,F,Medellín,2,5,2024-06-12
1488,Wendy Erazo,65,M,Cali,3,11,2025-05-18
1489,Milena Bastidas,52,M,Cali,3,5,2025-03-16
1490,Dary Mejía Gutiérrez,26,M,Cali,3,10,2025-03-07
1491,Carmen Yamile Velandia Rodríguez,36,F,Medellín,2,9,2025-03-24
1492,Ángel Carlos Vega,69,M,Medellín,2,16,2024-09-25
1493,Clara Lucila Puentes Rangel,60,M,Barranquilla,4,10,2025-04-08
1494,Luisa Reyes Narváez,59,F,Bogotá,1,15,2025-04-12
1495,Jhoana Ana Romero,60,M,Medellín,2,8,2024-11-06
1496,Yanet Ester Jaramillo Vera,36,F,Bogotá,1,15,2024-07-10
1497,James Cristhian León,32,M,Cartagena,5,14,2025-01-30
1498,Giovanny Jesús García,43,F,Bogotá,1,13,2025-03-12
1499,Jesús Rafael Villamizar Valencia,36,F,Medellín,2,12,2025-02-21
1500,Alba Liliana Sierra Angarita,55,M,Medellín,2,12,2024-10-25
