employee_id,first_name,last_name,gender,age,department,job_role,hire_date,termination_date,onleave_date,salary,location,status,performance_score
1001,Brandon,Martin,Male,24,Marketing,Associate,2024-04-07,,,60505.21,Los Angeles,Active,8
1002,Lisa,Williams,Female,26,HR,Associate,2023-11-09,,2024-08-21,53332.65,Miami,On Leave,9
1003,Kevin,Clark,Male,54,Marketing,Supervisor,2016-03-17,,,113900.73,Miami,Active,6
1004,Connie,Martinez,Female,24,Marketing,Clerk,2023-10-08,,,37788.74,Miami,Active,10
1005,Gail,Erickson,Female,42,Marketing,Analyst,2016-12-11,,,78390.77,Houston,Active,4
1006,Robin,Barnes,Female,37,Marketing,Analyst,2020-04-30,2023-06-14,,89256.18,Houston,Terminated,1
1007,Kimberly,Watson,Female,38,Marketing,Supervisor,2022-04-05,2024-05-23,,96519.59,Miami,Terminated,2
1008,Natalie,Hamilton,Female,41,Marketing,Analyst,2022-04-16,,,75893.49,Chicago,Active,6
1009,Sara,Sexton,Female,24,IT,Associate,2018-06-11,,,52243.04,New York,Active,8
1010,Richard,Morgan,Male,39,Marketing,Associate,2023-08-29,,,48461.13,Los Angeles,Active,2
1011,Daniel,Banks,Male,29,Marketing,Clerk,2021-03-03,2024-06-19,,55289.98,Miami,Terminated,9
1012,Andrea,Rodriguez,Female,55,HR,Supervisor,2019-10-15,,,91948.83,Houston,Active,1
1013,Isaac,Arnold,Male,38,Inventory,Analyst,2022-07-18,,,80150.06,New York,Active,2
1014,Rachel,Harper,Female,35,HR,Associate,2020-02-13,,,59135.06,Miami,Active,1
1015,Joshua,Strong,Male,45,Finance,Manager,2017-06-28,,,143337.32,Miami,Active,1
1016,Earl,Mcdowell,Male,54,Inventory,Manager,2021-04-27,,,162570.87,Miami,Active,3
1017,Holly,Miller,Female,19,Sales,Clerk,2023-02-25,,,38935.67,Houston,Active,6
1018,Michael,Valenzuela,Male,37,IT,Manager,2015-08-25,,,104856.86,New York,Active,10
1019,Patrick,Santiago,Male,30,HR,Associate,2024-10-17,,,51473.69,Los Angeles,Active,9
1020,Matthew,Barry,Male,30,HR,Supervisor,2019-02-22,,2020-01-24,98885.33,New York,On Leave,6
1021,Michael,Roberts,Male,31,Sales,Analyst,2020-11-10,,,58362.63,Houston,Active,5
1022,Jacqueline,Ramos,Female,43,IT,Manager,2019-05-20,,,128291.56,Chicago,Active,3
1023,Shawn,Rodriguez,Male,36,HR,Manager,2018-01-13,,,103187.82,New York,Active,5
1024,Kenneth,Neal,Male,20,Finance,Clerk,2016-09-14,,,42603.22,New York,Active,6
1025,Jessica,Flores,Female,32,Inventory,Supervisor,2022-03-30,,,83463.41,New York,Active,2
1026,Morgan,Hansen,Female,23,Marketing,Associate,2022-08-21,,,47232.46,New York,Active,3
1027,Caitlin,Robinson,Female,29,Sales,Analyst,2015-08-27,,,70952.64,New York,Active,10
1028,Brian,Pineda,Male,30,Finance,Analyst,2022-06-26,2022-11-06,,75930.44,New York,Terminated,3
1029,Dustin,Harvey,Male,48,Sales,Manager,2019-06-05,,,133536.32,New York,Active,10
1030,Louis,Kirk,Male,41,Sales,Supervisor,2021-05-24,2022-11-10,,95197.25,New York,Terminated,3
1031,Angel,Lopez,Male,24,Inventory,Associate,2024-10-30,,,43637.64,Los Angeles,Active,9
1032,Sherry,Mason,Female,23,Inventory,Associate,2021-01-31,,,57062.4,Houston,Active,10
1033,Michael,Mcmillan,Male,24,Finance,Clerk,2021-04-11,,,49122.4,Los Angeles,Active,8
1034,Stacy,Oneill,Female,36,Finance,Associate,2022-04-30,,,58353.06,Houston,Active,9
1035,Christina,Perry,Female,21,Sales,Clerk,2017-07-02,,,42579.24,Miami,Active,3
1036,Christine,Smith,Female,55,Marketing,Supervisor,2016-07-28,2017-01-04,,83455.36,Los Angeles,Terminated,2
1037,Michael,Fields,Male,42,Inventory,Supervisor,2020-01-03,,2025-04-29,86521.17,Miami,On Leave,3
1038,Matthew,Huffman,Male,46,Marketing,Manager,2019-11-26,,,129085.45,Los Angeles,Active,2
1039,Ruth,Gonzales,Female,26,HR,Analyst,2015-11-12,,,66868.51,New York,Active,4
1040,Whitney,Williams,Female,32,Finance,Associate,2016-07-05,,,56928.6,Houston,Active,7
1041,Steven,Duncan,Male,21,IT,Clerk,2023-07-01,,,35666.8,Los Angeles,Active,1
1042,Natalie,Reeves,Female,60,HR,Manager,2017-12-08,,,162941.62,Los Angeles,Active,9
1043,Tracy,Fields,Male,47,Finance,Supervisor,2018-05-16,,,105728.0,Houston,Active,1
1044,James,Frank,Male,36,Marketing,Associate,2020-01-24,,,60683.26,Miami,Active,6
1045,Aaron,Stevens,Male,31,HR,Clerk,2023-07-02,2024-10-20,,53546.1,New York,Terminated,3
1046,Christopher,Carter,Male,57,Inventory,Manager,2021-04-11,,,114339.93,Chicago,Active,2
1047,Stacy,Gardner,Female,25,Sales,Associate,2023-10-31,,,58362.84,Los Angeles,Active,3
1048,Haley,Schwartz,Female,43,HR,Manager,2020-05-27,,,123090.23,Miami,Active,6
1049,Amanda,Ramos,Female,35,HR,Manager,2017-02-24,,,109511.14,Chicago,Active,4
1050,Christopher,Pitts,Male,27,Marketing,Clerk,2022-05-12,2022-09-17,,41250.0,Miami,Terminated,3
1051,Elizabeth,Obrien,Female,42,HR,Manager,2023-05-18,,,112522.92,Los Angeles,Active,10
1052,Hunter,Cunningham,Male,27,IT,Associate,2024-09-01,,,55643.15,Los Angeles,Active,3
1053,Shelby,Henry,Female,27,Sales,Associate,2017-08-14,,,48586.39,Houston,Active,8
1054,Michelle,Peters,Female,49,HR,Manager,2021-12-06,,,136132.59,Chicago,Active,4
1055,Michelle,Berg,Female,20,Inventory,Clerk,2015-12-05,,,31628.16,Miami,Active,2
1056,Sean,Savage,Male,47,IT,Manager,2022-09-19,,,139478.96,Chicago,Active,4
1057,Christopher,Davenport,Male,38,Finance,Supervisor,2019-04-12,,,88969.69,Chicago,Active,4
1058,Richard,Ramsey,Male,25,Finance,Clerk,2016-07-09,,2018-11-19,36485.19,Miami,On Leave,9
1059,Jennifer,Clark,Female,40,Finance,Manager,2023-08-03,,,123003.19,Miami,Active,4
1060,Patricia,Saunders,Female,30,HR,Analyst,2016-02-22,,,67470.54,New York,Active,2
1061,Lisa,Davis,Female,21,Marketing,Clerk,2017-01-25,,2023-05-15,41897.01,Houston,On Leave,9
1062,Whitney,Love,Female,37,Finance,Analyst,2019-08-30,,,93665.48,Chicago,Active,6
1063,James,Fleming,Male,42,HR,Analyst,2018-02-14,,,88185.33,Chicago,Active,10
1064,Kimberly,Branch,Female,25,Marketing,Analyst,2017-12-19,,,74921.66,Chicago,Active,3
1065,Claudia,Elliott,Female,30,Finance,Analyst,2022-08-17,,,87141.51,Los Angeles,Active,5
1066,Rachel,Taylor,Female,35,Finance,Associate,2021-02-15,,,61926.6,Los Angeles,Active,4
1067,Megan,Barber,Female,31,IT,Clerk,2017-01-15,,,46832.7,New York,Active,1
1068,Bruce,Wilson,Male,20,IT,Clerk,2024-03-15,,,48588.31,New York,Active,2
1069,Carlos,Glass,Male,31,HR,Supervisor,2019-05-28,,,71872.71,New York,Active,5
1070,Ryan,Robinson,Male,59,Inventory,Manager,2020-05-15,,2023-05-12,158987.99,Chicago,On Leave,7
1071,Jeffrey,Lee,Male,39,Finance,Analyst,2020-10-20,2022-11-24,,93650.07,New York,Terminated,7
1072,Bailey,Howell,Female,36,IT,Associate,2025-01-21,,,50324.28,Houston,Active,4
1073,Tammy,Foster,Female,42,IT,Analyst,2019-02-26,,,92480.96,New York,Active,8
1074,Kimberly,Wilson,Female,45,IT,Analyst,2024-08-18,,,99185.49,Los Angeles,Active,5
1075,Jennifer,Morgan,Female,60,Finance,Manager,2024-12-02,,,121579.47,Chicago,Active,5
1076,Daniel,Robles,Male,38,Inventory,Manager,2025-02-16,,,98005.07,New York,Active,2
1077,Matthew,Robbins,Male,58,IT,Manager,2018-07-19,,,140358.86,New York,Active,10
1078,Michael,Chapman,Male,24,Finance,Clerk,2020-06-07,,,34331.72,Houston,Active,2
1079,Susan,Diaz,Female,25,Finance,Analyst,2017-02-12,,,74665.84,Houston,Active,6
1080,Kelly,Morales,Female,25,HR,Analyst,2023-01-07,,,57965.59,Miami,Active,1
1081,Samuel,Doyle,Male,32,Finance,Clerk,2025-01-06,,,55927.91,New York,Active,4
1082,Ashlee,Meyer,Female,26,Inventory,Analyst,2017-11-12,,,67016.88,New York,Active,2
1083,Richard,Griffith,Male,29,Finance,Associate,2022-12-12,,,45807.99,New York,Active,8
1084,Lori,Santiago,Female,32,Marketing,Analyst,2020-08-26,2021-04-13,,60642.55,Los Angeles,Terminated,2
1085,Anthony,Hayden,Male,49,Finance,Manager,2015-09-30,2018-01-24,,149238.77,Houston,Terminated,4
1086,Donald,Gentry,Male,20,Finance,Clerk,2019-11-19,2023-04-14,,30601.2,Los Angeles,Terminated,1
1087,Julie,Cantrell,Female,41,Marketing,Supervisor,2024-02-23,,2024-10-24,88861.92,New York,On Leave,4
1088,Gail,Martin,Female,41,Inventory,Analyst,2018-11-11,,,94895.66,New York,Active,6
1089,Sean,Johnson,Male,34,Finance,Clerk,2023-05-26,2023-11-03,,55966.85,Los Angeles,Terminated,5
1090,Dawn,Wright,Female,33,HR,Supervisor,2021-03-21,,,103265.71,Houston,Active,10
1091,Deborah,Watkins,Female,29,Inventory,Clerk,2022-08-23,,,36181.48,Miami,Active,4
1092,Crystal,Sullivan,Female,25,Marketing,Associate,2024-03-08,,,59309.89,Chicago,Active,2
1093,Eric,Vega,Male,46,Finance,Manager,2020-04-10,,,119524.43,Miami,Active,3
1094,Matthew,Ross,Male,51,Finance,Supervisor,2017-07-14,,,87223.94,Chicago,Active,10
1095,Jennifer,Day,Female,32,Inventory,Analyst,2020-10-29,,,80261.64,Los Angeles,Active,6
1096,Zachary,Hoffman,Male,49,Marketing,Supervisor,2019-01-08,2023-10-20,,104164.83,Chicago,Terminated,5
1097,Jordan,Ramos,Male,59,Sales,Manager,2018-05-24,2022-05-12,,167574.55,New York,Terminated,7
1098,Robert,Simpson,Male,56,IT,Manager,2024-06-12,,2024-07-19,145848.63,Houston,On Leave,2
1099,Vincent,Martin,Male,22,Finance,Clerk,2016-06-01,,,36400.84,Houston,Active,1
1100,Jessica,Brewer,Female,44,HR,Manager,2018-11-28,,,145152.72,Chicago,Active,9
1101,Rachel,Martin,Female,36,Sales,Associate,2015-07-04,,,54549.72,Chicago,Active,10
1102,Jenna,Smith,Female,25,Marketing,Associate,2024-12-29,,2025-02-09,50251.14,Miami,On Leave,5
1103,Kristin,Baldwin,Female,40,Marketing,Supervisor,2018-08-09,,,84743.05,New York,Active,9
1104,Olivia,Fields,Female,34,Marketing,Analyst,2017-12-22,,2020-07-24,83109.97,Houston,On Leave,8
1105,Shannon,Flores,Male,27,HR,Associate,2019-12-17,2021-07-11,,53153.89,New York,Terminated,1
1106,Ruth,Thomas,Female,35,Marketing,Clerk,2020-01-21,,,48619.8,New York,Active,6
1107,Greg,Oneal,Male,57,Inventory,Manager,2022-08-21,2024-01-22,,111291.89,Miami,Terminated,2
1108,David,Brown,Male,44,Marketing,Manager,2021-06-22,,,124653.62,Los Angeles,Active,7
1109,Emily,Lopez,Female,35,Sales,Supervisor,2017-07-11,,,103317.05,Miami,Active,4
1110,Jodi,Moses,Female,28,Marketing,Associate,2020-03-31,2020-09-12,,52414.43,Miami,Terminated,4
1111,Thomas,Taylor,Male,44,HR,Analyst,2023-02-16,,,71009.83,Los Angeles,Active,4
1112,Ariel,Ross,Female,27,Marketing,Analyst,2023-08-01,,,54590.61,Chicago,Active,4
1113,Lawrence,Harrington,Male,34,IT,Clerk,2018-06-24,,,46263.05,New York,Active,5
1114,Ruth,Ayala,Female,27,Inventory,Clerk,2024-08-22,2024-09-29,,40955.7,Miami,Terminated,4
1115,Joseph,Collins,Male,22,HR,Associate,2015-08-29,,,47713.2,New York,Active,5
1116,Samuel,Ross,Male,42,HR,Manager,2019-09-17,,,119266.72,New York,Active,6
1117,Joshua,Tate,Male,32,Finance,Supervisor,2015-06-23,,,94594.78,Los Angeles,Active,1
1118,Jacob,Jackson,Male,32,Marketing,Clerk,2022-04-16,,,37588.53,Houston,Active,5
1119,Justin,Randall,Male,45,Sales,Analyst,2022-01-16,2023-09-27,,65009.19,Chicago,Terminated,1
1120,Chris,Hickman,Male,35,Sales,Analyst,2016-03-10,,2017-08-21,58955.08,Miami,On Leave,1
1121,Brandi,Ford,Female,40,Marketing,Analyst,2020-09-13,,,80416.29,New York,Active,7
1122,Andrew,Howard,Male,44,IT,Supervisor,2017-04-23,2020-04-08,,84962.53,Houston,Terminated,8
1123,Stephen,Thompson,Male,22,Marketing,Associate,2025-02-21,,,54031.7,Los Angeles,Active,2
1124,Rachel,Burnett,Female,52,Marketing,Manager,2017-06-14,,,150196.45,Houston,Active,5
1125,Christina,Johnson,Female,36,HR,Analyst,2021-01-08,,2022-06-17,93165.62,Miami,On Leave,7
1126,Brooke,Bailey,Female,55,Inventory,Supervisor,2024-09-25,,,83849.99,Miami,Active,5
1127,Shelby,Russell,Female,25,Sales,Associate,2018-12-28,,,44282.68,Houston,Active,4
1128,Courtney,Miller,Female,36,Inventory,Supervisor,2015-11-25,,,76494.74,Miami,Active,4
1129,Robert,Roth,Male,20,Inventory,Clerk,2017-07-16,2019-06-27,,48983.78,New York,Terminated,5
1130,Emily,Brooks,Female,34,Marketing,Supervisor,2015-07-29,,,98601.23,Houston,Active,5
1131,Deborah,Perry,Female,47,HR,Supervisor,2015-05-25,,,114893.33,New York,Active,2
1132,Sally,Austin,Female,52,Finance,Supervisor,2018-07-11,,,100593.68,Los Angeles,Active,2
1133,Brandon,Ramos,Male,40,IT,Manager,2023-12-08,,,101643.21,Chicago,Active,3
1134,Helen,Evans,Female,41,HR,Manager,2020-03-02,2021-07-05,,136754.14,Houston,Terminated,3
1135,Jimmy,Tate,Male,44,HR,Analyst,2024-07-12,,,65233.07,Los Angeles,Active,4
1136,Amy,Riddle,Female,27,Inventory,Analyst,2019-05-29,,,79764.05,Miami,Active,8
1137,Charles,Montgomery,Male,44,Inventory,Supervisor,2017-06-24,,,98639.86,New York,Active,2
1138,Michael,Porter,Male,21,IT,Clerk,2021-01-22,,,51355.06,Los Angeles,Active,5
1139,Lauren,Serrano,Female,52,HR,Supervisor,2021-06-10,,,92887.18,New York,Active,6
1140,Kyle,Manning,Male,24,Marketing,Clerk,2022-06-01,,,47497.08,Houston,Active,4
1141,Richard,Smith,Male,37,Sales,Associate,2023-10-17,,,67837.82,New York,Active,3
1142,Michael,Pena,Male,55,Sales,Manager,2015-10-06,,,131390.22,Los Angeles,Active,6
1143,Caleb,Taylor,Male,27,Finance,Associate,2018-11-10,,,59925.05,New York,Active,7
1144,Cindy,Harris,Female,27,IT,Clerk,2018-06-21,,,40307.5,Los Angeles,Active,7
1145,Samantha,Stephens,Female,31,HR,Analyst,2017-12-24,,,66231.25,Chicago,Active,2
1146,Brad,Jones,Male,27,HR,Analyst,2021-01-02,,,84338.85,New York,Active,1
1147,Caitlin,Moore,Female,45,IT,Manager,2021-11-01,,2023-02-10,119716.8,Chicago,On Leave,8
1148,Michael,Nelson,Male,40,Inventory,Supervisor,2022-03-20,,,79228.36,Los Angeles,Active,10
1149,Nathan,Salazar,Male,44,IT,Analyst,2024-02-13,,,80479.49,Miami,Active,10
1150,Jason,Silva,Male,33,Finance,Clerk,2016-09-28,,,43029.76,Houston,Active,10
1151,Jasmine,Santos,Female,34,Inventory,Supervisor,2023-05-09,,,70568.47,Los Angeles,Active,4
1152,Madeline,Kelly,Female,21,Inventory,Clerk,2017-12-12,,,45171.89,Houston,Active,8
1153,Katelyn,Smith,Female,39,Inventory,Analyst,2016-10-16,,2020-06-27,70723.37,Houston,On Leave,8
1154,Stefanie,Cole,Female,18,IT,Clerk,2017-09-07,,,46138.6,Houston,Active,6
1155,Jessica,Gutierrez,Female,32,Sales,Analyst,2023-03-17,,,89549.29,Chicago,Active,6
1156,Brad,Blevins,Male,30,Sales,Associate,2017-06-17,,,63769.14,Houston,Active,9
1157,Riley,Burgess,Male,44,Finance,Manager,2015-08-05,,,132440.79,Houston,Active,6
1158,Richard,Smith,Male,50,Sales,Manager,2016-09-28,,,131955.97,Miami,Active,7
1159,Isaac,Johnson,Male,52,Finance,Supervisor,2020-10-10,,2025-03-12,80621.66,Miami,On Leave,2
1160,Ashley,Diaz,Female,55,HR,Supervisor,2023-09-10,,2024-01-02,112634.96,Los Angeles,On Leave,9
1161,Troy,Pena,Male,44,Inventory,Analyst,2020-03-12,,2021-08-04,95945.66,Houston,On Leave,5
1162,Allen,Mitchell,Male,49,Inventory,Manager,2022-07-17,,,124097.05,Houston,Active,9
1163,Theresa,Alvarez,Female,24,Marketing,Associate,2024-05-29,,,57013.1,Houston,Active,8
1164,Shane,Miller,Male,48,Inventory,Manager,2023-08-11,,,113565.47,Los Angeles,Active,5
1165,Gina,Torres,Female,49,IT,Manager,2016-10-25,,,138862.52,Houston,Active,7
1166,Mary,Morris,Female,46,Sales,Supervisor,2019-11-27,,,87944.27,Miami,Active,4
1167,Jill,Kidd,Female,60,IT,Manager,2022-11-12,,,123151.83,New York,Active,1
1168,Danielle,Edwards,Female,27,Finance,Analyst,2021-05-13,2025-01-26,,57651.89,Chicago,Terminated,10
1169,Jonathan,Jones,Male,55,Marketing,Supervisor,2019-04-18,2023-06-25,,91528.65,Miami,Terminated,9
1170,Maria,Pham,Female,33,Sales,Clerk,2022-06-27,,,40904.92,Chicago,Active,2
1171,Katherine,Hall,Female,29,IT,Clerk,2018-11-09,2020-01-12,,35314.68,Chicago,Terminated,4
1172,Stephen,Alexander,Male,24,IT,Associate,2017-03-19,,,51627.95,Los Angeles,Active,10
1173,Suzanne,Newman,Female,44,Finance,Supervisor,2019-03-28,,,86618.63,Chicago,Active,7
1174,Heidi,Saunders,Female,31,Finance,Clerk,2018-08-15,,,38091.59,Houston,Active,8
1175,Tina,Dennis,Female,43,Inventory,Manager,2021-11-11,,,112876.72,New York,Active,8
1176,Katelyn,Love,Female,51,Sales,Manager,2021-09-19,,,137423.11,Chicago,Active,6
1177,Kelly,Buchanan,Female,28,IT,Associate,2016-05-05,,,52497.89,Houston,Active,7
1178,Sydney,Cook,Female,42,IT,Supervisor,2023-01-25,,,105808.58,Chicago,Active,5
1179,Andrew,Larson,Male,33,Finance,Analyst,2021-06-17,,,76666.16,New York,Active,6
1180,Trevor,Rosales,Male,18,Sales,Clerk,2017-02-10,,,47982.13,Chicago,Active,4
1181,Philip,Sullivan,Male,56,Sales,Manager,2023-02-28,,,127177.78,Houston,Active,1
1182,Hannah,Miranda,Female,41,Inventory,Analyst,2020-11-04,,,62333.44,Chicago,Active,2
1183,Ernest,Huffman,Male,48,Finance,Supervisor,2023-02-01,,,93643.2,Los Angeles,Active,9
1184,Eric,Chavez,Male,36,Finance,Supervisor,2022-04-30,,,105898.21,New York,Active,10
1185,Harry,Garcia,Male,38,Sales,Manager,2021-01-03,,,142508.47,Los Angeles,Active,2
1186,Richard,Cuevas,Male,47,HR,Supervisor,2023-11-18,,2024-11-03,112213.01,Chicago,On Leave,7
1187,Katie,Johnson,Female,21,Sales,Clerk,2019-03-05,2020-06-26,,33335.61,Los Angeles,Terminated,4
1188,Larry,Wade,Male,48,Finance,Manager,2023-05-26,,,110140.28,Chicago,Active,8
1189,Gary,Wilkerson,Male,39,Inventory,Manager,2019-04-15,2023-12-28,,110065.18,New York,Terminated,4
1190,Victoria,Fuller,Female,30,Inventory,Clerk,2020-02-28,,,49491.52,Chicago,Active,10
1191,Daniel,Cole,Male,18,IT,Clerk,2020-02-07,2023-12-30,,38213.01,New York,Terminated,4
1192,Donald,Jones,Male,25,Marketing,Clerk,2015-06-23,2019-01-20,,46512.17,Miami,Terminated,6
1193,Anthony,Hanna,Male,53,Finance,Manager,2018-04-06,,,129881.99,Houston,Active,5
1194,Joe,Garcia,Male,33,HR,Supervisor,2015-10-20,,,91488.32,Houston,Active,8
1195,Angela,Gilmore,Female,46,Finance,Supervisor,2019-05-03,,,92964.23,Los Angeles,Active,9
1196,Frank,Cooley,Male,20,HR,Clerk,2021-11-21,,,40796.86,New York,Active,3
1197,Amanda,Price,Female,30,HR,Associate,2024-10-30,,,51041.6,New York,Active,6
1198,Anthony,Dominguez,Male,29,Inventory,Associate,2017-06-01,,,47277.39,New York,Active,3
1199,Jacob,Colon,Male,45,Finance,Supervisor,2016-01-06,,2016-02-12,103279.23,Los Angeles,On Leave,3
1200,Jennifer,Boyle,Female,25,Sales,Associate,2017-09-23,2022-05-02,,64023.55,Chicago,Terminated,1
1201,Carolyn,Cook,Female,31,HR,Clerk,2015-10-03,,,38867.75,Miami,Active,7
1202,Daniel,Sullivan,Male,44,Marketing,Analyst,2017-05-25,,,79435.9,Los Angeles,Active,4
1203,Ernest,Deleon,Male,32,HR,Analyst,2023-08-08,,,70205.95,Chicago,Active,5
1204,Patrick,Douglas,Male,41,IT,Supervisor,2017-01-11,,,84390.2,New York,Active,4
1205,Holly,Kennedy,Female,37,IT,Analyst,2017-06-17,,,59533.82,Chicago,Active,8
1206,Sandra,Burgess,Female,21,Inventory,Clerk,2019-06-23,,,32458.24,Miami,Active,1
1207,Jeffery,Barr,Male,52,IT,Supervisor,2018-07-28,,,89669.43,Miami,Active,5
1208,Cassandra,Henry,Female,43,Marketing,Manager,2019-04-13,,,132641.7,New York,Active,5
1209,Susan,Chavez,Female,22,Marketing,Clerk,2023-10-06,,,38769.74,New York,Active,9
1210,Christopher,James,Male,50,Inventory,Manager,2021-09-14,2022-08-02,,120530.57,Miami,Terminated,6
1211,Jessica,Wright,Female,42,HR,Analyst,2022-07-16,,,69353.13,Miami,Active,10
1212,Scott,Salinas,Male,39,Inventory,Manager,2020-08-05,,,134088.21,Chicago,Active,9
1213,Mary,Ritter,Female,39,Sales,Analyst,2023-10-17,2025-03-16,,64305.89,Los Angeles,Terminated,4
1214,Victoria,Willis,Female,23,IT,Clerk,2025-03-31,2025-05-11,,41781.64,New York,Terminated,4
1215,Tamara,Miller,Female,36,Inventory,Analyst,2019-12-27,,,84681.94,Houston,Active,10
1216,Daniel,Espinoza,Male,33,Inventory,Supervisor,2015-08-02,,,88105.98,New York,Active,1
1217,Kimberly,Morris,Female,32,Sales,Clerk,2021-09-25,,,36767.26,Los Angeles,Active,5
1218,Carlos,Carter,Male,37,Marketing,Analyst,2024-08-07,2025-02-08,,64640.27,New York,Terminated,3
1219,Edward,Cox,Male,25,Sales,Clerk,2015-09-11,,,41842.19,Miami,Active,3
1220,Patrick,Miranda,Male,30,Inventory,Clerk,2018-07-31,,,51778.39,Miami,Active,9
1221,Megan,Munoz,Female,28,Marketing,Associate,2017-06-27,,,62332.19,Los Angeles,Active,8
1222,Andrea,Leonard,Female,27,Finance,Analyst,2016-02-15,2020-08-20,,83564.02,New York,Terminated,2
1223,James,Robinson,Male,39,Finance,Analyst,2024-07-01,,,93186.72,Houston,Active,1
1224,Michael,Johnson,Male,54,Sales,Supervisor,2017-11-17,,,102420.03,New York,Active,5
1225,Debra,Hicks,Female,23,Sales,Clerk,2018-06-06,,,51708.63,Miami,Active,7
1226,Jessica,Brooks,Female,33,HR,Associate,2016-03-05,,,52753.34,New York,Active,7
1227,Kristin,Campbell,Female,35,IT,Clerk,2021-03-14,2023-12-16,,57094.51,New York,Terminated,3
1228,Chloe,Gonzalez,Female,50,HR,Manager,2020-11-21,,,110023.34,Chicago,Active,2
1229,Seth,Graves,Male,37,Marketing,Manager,2022-02-22,,,111376.62,Houston,Active,1
1230,Dean,Winters,Male,39,Inventory,Associate,2017-12-24,,,66584.35,New York,Active,7
1231,Kelly,Baker,Male,29,IT,Associate,2022-08-19,,,57029.99,Chicago,Active,10
1232,Anthony,Rodriguez,Male,29,Marketing,Clerk,2022-09-06,,,37956.12,Miami,Active,2
1233,Julie,Bryant,Female,30,HR,Associate,2016-05-05,,2021-08-07,61149.51,Houston,On Leave,4
1234,Darrell,White,Male,50,Inventory,Manager,2019-08-14,2023-07-07,,142676.21,Houston,Terminated,9
1235,Jamie,Munoz,Female,32,Finance,Associate,2018-10-07,,,60369.42,Los Angeles,Active,5
1236,Michael,Eaton,Male,28,Sales,Clerk,2019-04-10,,,52962.63,Los Angeles,Active,6
1237,Kelly,Gallagher,Female,46,Sales,Manager,2020-07-31,,,116662.55,Houston,Active,9
1238,Aaron,Ortiz,Male,31,Finance,Associate,2018-12-18,2022-12-27,,57376.07,New York,Terminated,5
1239,Shane,Berry,Male,30,IT,Associate,2021-08-25,,2024-07-18,52435.38,Chicago,On Leave,9
1240,David,Castillo,Male,45,Finance,Supervisor,2021-02-28,,,80064.6,Los Angeles,Active,10
1241,Ryan,Burgess,Male,32,Marketing,Supervisor,2015-07-16,2020-05-14,,81122.81,Chicago,Terminated,3
1242,Teresa,Burns,Female,46,HR,Manager,2025-02-10,,,107710.34,Chicago,Active,4
1243,Pamela,Johns,Female,27,HR,Clerk,2024-09-21,,,46050.07,Los Angeles,Active,10
1244,Teresa,Morgan,Female,29,IT,Associate,2023-08-10,,,60163.38,Los Angeles,Active,6
1245,Michael,Turner,Male,50,Finance,Manager,2021-12-21,,,118091.58,Chicago,Active,1
1246,Claudia,Coleman,Female,47,Inventory,Supervisor,2018-08-07,,,100250.04,Houston,Active,3
1247,Katie,Singh,Female,55,HR,Supervisor,2017-05-14,,,82805.43,Houston,Active,6
1248,Louis,Dunlap,Male,55,Sales,Supervisor,2019-05-03,,,105113.1,Los Angeles,Active,1
1249,Thomas,Meyers,Male,33,Marketing,Associate,2017-07-27,2018-10-31,,62480.88,New York,Terminated,4
1250,Bradley,Jones,Male,30,IT,Analyst,2021-02-04,,,67309.26,Houston,Active,8
1251,Crystal,Cameron,Female,45,IT,Manager,2020-01-23,,,128566.57,Miami,Active,5
1252,Stacy,Bowman,Female,31,Marketing,Supervisor,2015-09-30,,,99289.67,Miami,Active,8
1253,Christina,Allen,Female,38,Marketing,Analyst,2020-03-07,,,93883.62,Houston,Active,2
1254,Michael,Armstrong,Male,30,Marketing,Clerk,2020-10-08,,,48772.45,New York,Active,7
1255,Caroline,Duke,Female,27,Sales,Clerk,2020-02-09,,,35037.23,Miami,Active,3
1256,David,Howard,Male,30,Marketing,Supervisor,2024-07-22,,,76785.89,Miami,Active,9
1257,Brenda,Mueller,Female,23,Finance,Clerk,2018-05-11,,2023-07-10,48314.87,Chicago,On Leave,4
1258,Michael,Patrick,Male,38,Finance,Supervisor,2022-03-02,,,81941.2,Los Angeles,Active,9
1259,Gary,Walker,Male,33,HR,Associate,2018-12-05,2021-10-09,,57598.71,Houston,Terminated,5
1260,Emily,Brown,Female,40,HR,Analyst,2019-06-16,,,80161.48,New York,Active,9
1261,Lindsay,Montoya,Female,30,Marketing,Associate,2016-07-31,,,50537.28,New York,Active,6
1262,Regina,Gonzalez,Female,39,Marketing,Supervisor,2020-07-06,,,87819.28,Chicago,Active,2
1263,Cynthia,Donovan,Female,35,Finance,Clerk,2019-02-23,,,37417.64,Chicago,Active,1
1264,Albert,Mueller,Male,25,Finance,Associate,2019-03-02,2020-12-20,,58916.44,New York,Terminated,1
1265,Alexander,Smith,Male,30,Marketing,Supervisor,2023-03-21,,,96605.32,Chicago,Active,4
1266,Ronald,Sanders,Male,34,IT,Analyst,2016-11-26,2021-06-24,,58701.76,Houston,Terminated,2
1267,Brian,Barton,Male,37,Sales,Supervisor,2018-05-11,2019-04-01,,92469.36,Chicago,Terminated,6
1268,Michael,Blackburn,Male,39,Finance,Analyst,2023-07-23,,,77078.72,Los Angeles,Active,4
1269,Taylor,Santos,Female,28,Inventory,Associate,2022-02-25,,2025-03-09,47101.98,Los Angeles,On Leave,4
1270,Tiffany,Christian,Female,37,Marketing,Manager,2019-10-29,2023-04-29,,101401.22,Los Angeles,Terminated,1
1271,Bradley,Moore,Male,35,IT,Analyst,2023-05-23,,,63377.78,New York,Active,10
1272,Eric,Smith,Male,28,Sales,Analyst,2023-09-02,,,67961.04,Houston,Active,1
1273,Eric,Yang,Male,37,Marketing,Associate,2022-05-15,,,70272.09,Houston,Active,6
1274,Morgan,Maldonado,Female,41,IT,Manager,2018-10-31,,,102879.37,New York,Active,1
1275,Rebecca,Brown,Female,41,Sales,Analyst,2020-05-15,,,75649.73,Houston,Active,9
1276,Connor,Sanchez,Male,18,Finance,Clerk,2017-06-03,,,35080.74,New York,Active,10
1277,James,Stewart,Male,39,HR,Supervisor,2020-10-02,,,75572.23,Los Angeles,Active,8
1278,Jillian,Harper,Female,19,HR,Clerk,2020-06-10,,2023-11-29,30764.3,Houston,On Leave,5
1279,Timothy,Garrett,Male,45,Marketing,Manager,2025-02-21,,,144184.0,Los Angeles,Active,1
1280,Jaime,Kelly,Female,55,IT,Manager,2017-12-31,,,149984.41,Miami,Active,9
1281,Emily,Davis,Female,40,Inventory,Analyst,2023-06-29,,,83257.48,New York,Active,5
1282,Dennis,Ford,Male,40,Sales,Associate,2023-12-09,,,51917.25,Chicago,Active,3
1283,Brian,Long,Male,27,Finance,Clerk,2018-01-02,,,37534.54,Los Angeles,Active,10
1284,Thomas,Luna,Male,40,Marketing,Analyst,2020-03-16,,,90229.89,Houston,Active,8
1285,Olivia,Castaneda,Female,44,Marketing,Manager,2023-10-13,2024-06-27,,144802.53,Houston,Terminated,3
1286,Richard,Hamilton,Male,40,IT,Supervisor,2015-08-23,,,87766.95,New York,Active,9
1287,Michael,Jenkins,Male,32,Marketing,Associate,2022-11-20,,2024-11-11,59481.08,Los Angeles,On Leave,8
1288,John,Cohen,Male,27,HR,Clerk,2020-01-30,,,39042.9,New York,Active,8
1289,Kimberly,Peterson,Female,41,Inventory,Supervisor,2021-09-24,,,104836.33,Chicago,Active,4
1290,James,Pena,Male,47,HR,Supervisor,2024-06-02,2024-11-21,,95163.5,Houston,Terminated,4
1291,Michael,Miller,Male,39,IT,Supervisor,2024-08-03,,,95924.41,New York,Active,9
1292,Leslie,Callahan,Female,49,Inventory,Manager,2020-03-05,,2020-12-18,131625.32,Houston,On Leave,1
1293,Elizabeth,Carrillo,Female,49,HR,Supervisor,2021-11-27,,,94565.4,Chicago,Active,3
1294,Richard,Fitzgerald,Male,22,Marketing,Associate,2019-01-20,,,44662.2,Chicago,Active,3
1295,Troy,Marks,Male,45,Marketing,Analyst,2017-08-07,,,63946.1,Miami,Active,3
1296,Taylor,Barnes,Female,18,Finance,Clerk,2017-01-02,,,41333.76,Miami,Active,6
1297,Tiffany,Casey,Female,60,Inventory,Manager,2020-08-31,,,123912.74,New York,Active,6
1298,Debra,Moss,Female,40,HR,Manager,2021-05-14,,2023-12-06,114540.84,Los Angeles,On Leave,1
1299,Robin,Miller,Female,46,Marketing,Supervisor,2021-02-07,,2025-05-07,86525.78,Miami,On Leave,9
1300,Nicole,Edwards,Female,19,Finance,Clerk,2017-03-19,,,46753.89,Miami,Active,4
1301,Christy,Hall,Female,37,Marketing,Analyst,2023-05-18,,,75906.26,Miami,Active,6
1302,Dustin,Bryan,Male,33,HR,Analyst,2019-04-27,,,75952.4,Houston,Active,8
1303,Angel,Johnson,Male,38,Sales,Analyst,2023-06-26,,,93273.21,Houston,Active,1
1304,Jennifer,Mitchell,Female,35,Sales,Analyst,2025-04-07,,,65052.46,Houston,Active,8
1305,Nicole,Franklin,Female,23,Sales,Clerk,2024-05-01,,,36602.19,Los Angeles,Active,9
1306,Bruce,Moore,Male,31,HR,Analyst,2018-09-14,,,59187.06,Los Angeles,Active,2
1307,Cindy,Rodriguez,Female,51,Inventory,Manager,2021-03-07,,,151891.67,Chicago,Active,6
1308,David,Murray,Male,35,IT,Associate,2017-10-09,,,52809.53,Houston,Active,8
1309,Maria,Jones,Female,24,Inventory,Clerk,2025-04-23,,,40876.08,New York,Active,10
1310,Suzanne,Figueroa,Female,47,HR,Manager,2024-05-20,,,132543.23,Los Angeles,Active,10
1311,Emily,Foster,Female,38,Finance,Supervisor,2023-08-14,,,78267.04,Los Angeles,Active,7
1312,David,Morales,Male,37,HR,Associate,2015-11-04,2020-09-27,,53896.03,Chicago,Terminated,5
1313,Gregg,White,Male,27,Finance,Clerk,2016-04-06,,2022-07-15,44035.33,Chicago,On Leave,10
1314,Amber,Turner,Female,33,HR,Supervisor,2023-05-14,2025-03-25,,71278.23,Chicago,Terminated,2
1315,Alexander,Hartman,Male,28,HR,Analyst,2018-02-06,,2025-05-05,72056.77,Los Angeles,On Leave,4
1316,Judith,Sanchez,Female,35,HR,Manager,2021-11-29,,,104813.05,Los Angeles,Active,3
1317,Michael,Hill,Male,30,Sales,Associate,2022-02-09,,,59943.64,New York,Active,1
1318,Christy,Hayden,Female,49,Finance,Manager,2017-08-12,,,132819.77,Miami,Active,8
1319,Shawn,Ford,Male,31,Marketing,Associate,2024-03-28,,,53510.6,Los Angeles,Active,4
1320,Richard,Mckinney,Male,30,HR,Clerk,2025-01-12,2025-05-14,,43559.37,Chicago,Terminated,5
1321,Jessica,Curry,Female,26,Marketing,Clerk,2024-06-27,,,48453.24,Houston,Active,2
1322,Karina,Lane,Female,25,Inventory,Associate,2018-04-30,,,56048.87,Los Angeles,Active,5
1323,James,Sanchez,Male,34,Sales,Supervisor,2018-10-30,,,90576.23,Chicago,Active,8
1324,Stacey,Harrington,Female,24,IT,Associate,2015-07-15,,,50471.7,Miami,Active,6
1325,Alejandro,Williams,Male,26,Inventory,Clerk,2016-01-14,,,32703.25,New York,Active,4
1326,Sharon,Walker,Female,46,IT,Manager,2021-03-10,,2022-06-05,144007.56,New York,On Leave,3
1327,Matthew,Parrish,Male,34,Marketing,Clerk,2024-03-10,,2024-05-07,41591.15,New York,On Leave,8
1328,Joshua,Wilson,Male,25,Sales,Associate,2021-06-05,,,56963.05,Miami,Active,5
1329,Kristen,Contreras,Female,38,IT,Associate,2017-05-28,,2017-09-18,68443.47,Los Angeles,On Leave,4
1330,Natalie,Gomez,Female,32,Marketing,Analyst,2015-10-08,,,73987.91,Los Angeles,Active,3
1331,Anna,Watson,Female,44,Inventory,Supervisor,2019-06-24,2023-11-10,,105632.31,Miami,Terminated,2
1332,Melissa,Parker,Female,50,HR,Supervisor,2016-05-22,,,104129.41,Chicago,Active,7
1333,Leslie,Harrison,Female,39,Inventory,Manager,2016-10-19,,,138652.82,Houston,Active,7
1334,Lauren,Villa,Female,41,Sales,Manager,2015-12-18,2017-01-08,,113342.21,Chicago,Terminated,6
1335,Guy,Jones,Male,35,Sales,Clerk,2023-11-23,,,58380.78,Miami,Active,9
1336,Carmen,Pierce,Female,29,Inventory,Clerk,2025-02-15,,,46637.53,New York,Active,7
1337,Isaac,Wolfe,Male,51,Finance,Supervisor,2016-06-02,,,93229.22,Chicago,Active,3
1338,Misty,Decker,Female,31,Sales,Associate,2017-03-31,,,50562.23,Chicago,Active,1
1339,Donald,Brown,Male,55,Marketing,Manager,2020-06-28,,,135063.71,Houston,Active,9
1340,Benjamin,Miles,Male,50,Finance,Supervisor,2024-09-26,,,91124.5,Miami,Active,7
1341,David,Snyder,Male,41,Finance,Analyst,2020-01-29,,,87043.5,Los Angeles,Active,6
1342,Alicia,Richardson,Female,35,Finance,Clerk,2016-02-06,,,49437.69,Chicago,Active,9
1343,Alejandro,Arnold,Male,35,IT,Analyst,2018-09-28,2022-09-30,,84481.23,Los Angeles,Terminated,7
1344,Hannah,Graham,Female,30,IT,Supervisor,2023-05-13,,,75967.52,Los Angeles,Active,2
1345,Cheryl,Summers,Female,33,HR,Supervisor,2021-09-25,,,89410.08,Houston,Active,3
1346,Anthony,Little,Male,55,Inventory,Supervisor,2017-06-01,,,88574.27,Chicago,Active,1
1347,Kelly,Parker,Female,31,Inventory,Clerk,2016-01-25,,,47645.93,Houston,Active,7
1348,Jeffrey,Ballard,Male,32,IT,Analyst,2015-10-02,,,58056.77,Los Angeles,Active,9
1349,Monique,Ross,Female,51,Sales,Manager,2019-12-09,,,135218.66,Los Angeles,Active,5
1350,Edward,Smith,Male,35,Finance,Supervisor,2017-11-09,,,77637.13,Houston,Active,2
1351,Melissa,Wise,Female,45,IT,Analyst,2015-11-07,,2016-06-02,82750.47,New York,On Leave,1
1352,Marvin,Barnett,Male,34,Marketing,Associate,2023-10-02,,,51044.53,Los Angeles,Active,7
1353,Stephen,Pierce,Male,47,Inventory,Supervisor,2017-08-20,,,80165.75,Los Angeles,Active,3
1354,Sandy,Hudson,Female,51,Marketing,Manager,2020-11-24,,2024-03-17,158315.13,New York,On Leave,10
1355,Regina,Miller,Female,47,HR,Supervisor,2023-03-13,,,80164.49,Los Angeles,Active,8
1356,Sara,Chan,Female,27,Finance,Clerk,2018-07-16,,,45498.46,Chicago,Active,7
1357,Debra,Mendez,Female,35,IT,Clerk,2024-12-18,,2025-03-16,48532.13,New York,On Leave,8
1358,Nathan,Williams,Male,29,Marketing,Clerk,2015-07-30,,,46185.72,Chicago,Active,1
1359,Tara,Thompson,Female,48,Sales,Manager,2017-03-14,,,150468.59,New York,Active,7
1360,Daniel,Arellano,Male,33,Inventory,Supervisor,2023-09-03,,,97272.37,Chicago,Active,7
1361,Taylor,Bolton,Female,43,Inventory,Manager,2017-08-23,,,147649.18,Chicago,Active,10
1362,Megan,Salinas,Female,35,HR,Analyst,2020-09-06,,,65444.12,Los Angeles,Active,5
1363,Tara,Cruz,Female,59,Finance,Manager,2016-08-09,,,144692.21,Los Angeles,Active,4
1364,Frank,Lewis,Male,49,Finance,Supervisor,2020-11-15,,,82287.19,Chicago,Active,7
1365,Charles,Zavala,Male,28,IT,Associate,2024-04-02,,,59112.26,Los Angeles,Active,2
1366,Robert,Whitehead,Male,25,Marketing,Analyst,2017-02-09,,,78383.67,Los Angeles,Active,3
1367,Robert,Hansen,Male,39,Marketing,Analyst,2021-02-07,,,89376.18,Los Angeles,Active,5
1368,Marvin,Hughes,Male,27,HR,Analyst,2021-01-21,,2024-02-29,58631.79,New York,On Leave,7
1369,Robert,Guzman,Male,37,Sales,Associate,2016-09-25,,2020-06-03,56083.06,Chicago,On Leave,8
1370,Richard,Smith,Male,59,Marketing,Manager,2017-09-08,,,165866.77,Houston,Active,2
1371,Louis,Rosales,Male,45,IT,Analyst,2023-01-28,2023-02-27,,88257.16,Miami,Terminated,3
1372,Kelly,Adams,Female,27,Inventory,Associate,2023-06-30,,,49683.81,Miami,Active,7
1373,Emily,Cummings,Female,51,Marketing,Supervisor,2015-12-28,,,119688.74,New York,Active,9
1374,Rebecca,Johnson,Female,23,Inventory,Associate,2016-10-10,2017-03-07,,57616.52,Chicago,Terminated,3
1375,Carolyn,Smith,Female,41,Inventory,Analyst,2018-07-07,2019-06-14,,80903.27,New York,Terminated,5
1376,Laura,Brock,Female,39,Inventory,Analyst,2018-04-08,,,77801.33,Miami,Active,1
1377,Marilyn,Silva,Female,44,IT,Supervisor,2018-04-21,,,90779.13,New York,Active,8
1378,John,Smith,Male,31,Marketing,Associate,2020-12-18,,,59623.24,Houston,Active,1
1379,Donald,Payne,Male,28,HR,Clerk,2023-03-05,,,33122.74,Chicago,Active,4
1380,Shawn,Carr,Male,33,Finance,Supervisor,2019-08-13,,,93199.75,New York,Active,3
1381,David,Brown,Male,35,Finance,Analyst,2016-05-18,,,64571.71,New York,Active,1
1382,Catherine,Fuller,Female,35,Inventory,Clerk,2019-07-12,,,38852.26,Houston,Active,8
1383,Laura,Shaffer,Female,25,Inventory,Associate,2023-08-29,,,61114.23,Chicago,Active,6
1384,Alexandra,Williams,Female,41,HR,Analyst,2024-08-05,,,92670.16,Chicago,Active,7
1385,Mary,Warren,Female,26,Finance,Analyst,2017-09-19,,,73129.61,Chicago,Active,3
1386,Karen,Walker,Female,23,HR,Clerk,2016-12-16,,,49119.3,Houston,Active,5
1387,Keith,Thomas,Male,51,Inventory,Supervisor,2019-07-20,2022-08-03,,99036.38,Chicago,Terminated,5
1388,Theresa,Whitney,Female,24,Inventory,Clerk,2021-07-04,2022-05-18,,44052.83,New York,Terminated,1
1389,Brooke,Edwards,Female,28,IT,Clerk,2016-03-13,,,34272.07,Miami,Active,9
1390,Robert,Blake,Male,35,Marketing,Associate,2020-07-20,,,53891.01,Houston,Active,5
1391,Lindsey,Farmer,Female,33,Finance,Analyst,2020-11-13,,,65728.73,New York,Active,7
1392,Haley,Rivas,Female,37,Marketing,Analyst,2018-12-29,,,74848.5,Houston,Active,2
1393,Karen,Smith,Female,47,HR,Supervisor,2018-06-25,,,107563.94,Chicago,Active,4
1394,Amy,Ward,Female,39,Marketing,Analyst,2020-03-07,2025-02-06,,78889.06,New York,Terminated,1
1395,Ronald,Allen,Male,37,Marketing,Analyst,2023-10-26,,,60423.44,Miami,Active,8
1396,Olivia,Smith,Female,51,IT,Manager,2019-01-22,,,121699.84,Chicago,Active,5
1397,Alexander,Riley,Male,33,HR,Clerk,2018-03-11,,,37675.17,New York,Active,9
1398,Olivia,Gregory,Female,40,Sales,Associate,2020-01-27,,,54681.56,Houston,Active,5
1399,Bridget,Pham,Female,45,Sales,Supervisor,2018-12-17,2022-04-11,,83395.14,New York,Terminated,1
1400,David,Parsons,Male,39,Inventory,Analyst,2025-01-09,,,93691.67,Chicago,Active,1
1401,Ryan,Miller,Male,19,Marketing,Clerk,2023-05-30,,,37470.87,New York,Active,5
1402,Charles,Ferguson,Male,49,Inventory,Supervisor,2022-07-01,,,92750.59,Miami,Active,7
1403,Elizabeth,Oconnell,Female,30,IT,Associate,2019-10-15,,,63920.42,Los Angeles,Active,10
1404,Michael,Johnson,Male,51,IT,Supervisor,2018-09-10,,,118430.85,Los Angeles,Active,10
1405,Andrea,Weber,Female,31,Finance,Clerk,2017-09-26,,,43224.48,Houston,Active,3
1406,Brian,Smith,Male,34,Inventory,Supervisor,2025-01-05,,,79589.54,Chicago,Active,7
1407,James,Robertson,Male,38,Marketing,Associate,2022-04-02,,2023-03-16,69205.38,Houston,On Leave,3
1408,Olivia,Deleon,Female,31,Sales,Supervisor,2024-09-03,2024-10-28,,94676.81,Chicago,Terminated,4
1409,Kimberly,Wilson,Female,20,Inventory,Clerk,2024-11-26,,2025-02-11,35050.88,New York,On Leave,6
1410,Katie,Turner,Female,57,Sales,Manager,2022-03-18,,,164169.86,Houston,Active,10
1411,Kayla,Guerrero,Female,46,Finance,Supervisor,2019-03-22,,,95954.18,Houston,Active,1
1412,Karen,Townsend,Female,32,Finance,Supervisor,2024-12-16,,,94659.34,Chicago,Active,7
1413,Sean,Cisneros,Male,23,IT,Associate,2022-10-26,,,48172.65,New York,Active,9
1414,Angel,Hernandez,Male,24,Finance,Clerk,2024-03-06,2024-09-03,,51548.94,Los Angeles,Terminated,1
1415,Meagan,Lawrence,Female,19,Finance,Clerk,2016-01-25,2019-02-05,,33041.15,Houston,Terminated,2
1416,Daniel,Ashley,Male,21,Finance,Clerk,2022-02-10,,,37159.0,Miami,Active,9
1417,Julie,Jones,Female,25,Sales,Associate,2020-06-21,,,61509.11,Los Angeles,Active,9
1418,Andrew,Ward,Male,57,IT,Manager,2016-11-07,,,154633.3,Los Angeles,Active,10
1419,James,Palmer,Male,37,IT,Manager,2023-09-12,,,120181.53,New York,Active,1
1420,Andrew,Reynolds,Male,28,IT,Analyst,2019-07-14,,,59383.7,Houston,Active,3
1421,Jean,Burns,Female,44,Marketing,Analyst,2015-12-11,,,87954.8,Houston,Active,3
1422,Victor,Collins,Male,52,HR,Supervisor,2020-03-03,,,90067.24,Los Angeles,Active,3
1423,Richard,Bailey,Male,53,HR,Supervisor,2016-01-14,,,90867.57,Chicago,Active,7
1424,Amanda,Harrell,Female,30,IT,Clerk,2023-08-16,,2025-02-20,50020.57,Miami,On Leave,10
1425,Jill,Bates,Female,26,Sales,Associate,2021-02-24,,,55139.13,Miami,Active,4
1426,Amanda,Collins,Female,30,Inventory,Analyst,2023-12-24,,,75935.73,New York,Active,4
1427,Shannon,Ramirez,Female,24,Sales,Clerk,2025-03-21,,,42181.35,Chicago,Active,3
1428,Sandra,Myers,Female,41,Inventory,Analyst,2018-08-04,2022-10-11,,73929.11,Chicago,Terminated,4
1429,Latoya,Olson,Female,32,Marketing,Analyst,2018-11-06,2023-08-26,,59654.57,Los Angeles,Terminated,4
1430,Lindsey,Becker,Female,25,HR,Analyst,2015-10-10,,,59404.34,Chicago,Active,3
1431,Jennifer,Rodriguez,Female,25,Sales,Analyst,2018-12-16,,,55974.6,New York,Active,1
1432,Bailey,Boyd,Female,36,Finance,Associate,2021-10-05,,,53952.28,New York,Active,5
1433,David,Collins,Male,25,Inventory,Clerk,2022-01-24,,,40952.9,Houston,Active,10
1434,Troy,Phillips,Male,30,Marketing,Associate,2021-07-25,,2023-06-18,52562.65,Houston,On Leave,8
1435,Isaac,Pittman,Male,27,Inventory,Analyst,2018-05-16,,,55388.42,Los Angeles,Active,9
1436,Brian,Alexander,Male,45,Sales,Manager,2019-04-16,,,135836.59,Miami,Active,10
1437,Sara,Banks,Female,50,HR,Supervisor,2017-11-17,,,114211.7,Miami,Active,2
1438,Debra,Austin,Female,50,Sales,Supervisor,2023-10-24,,,98364.16,Chicago,Active,6
1439,Cheryl,Frey,Female,40,IT,Associate,2021-08-16,,,59443.27,Los Angeles,Active,1
1440,Cindy,Roberts,Female,35,Sales,Associate,2022-12-16,,,54668.27,Houston,Active,10
1441,Robert,Vega,Male,44,Sales,Manager,2018-10-20,,,123686.68,Chicago,Active,10
1442,Morgan,Dawson,Female,55,HR,Supervisor,2023-12-03,,,99820.67,Houston,Active,7
1443,Kendra,Shaffer,Female,31,Marketing,Clerk,2017-08-30,,,53724.78,Houston,Active,6
1444,Jennifer,Perry,Female,38,HR,Analyst,2019-03-11,2022-06-18,,66412.26,Houston,Terminated,2
1445,Jennifer,Brown,Female,30,HR,Clerk,2023-01-14,,,48994.94,Miami,Active,2
1446,Dean,Ellison,Male,39,Inventory,Associate,2022-11-24,2024-09-01,,64379.68,Chicago,Terminated,1
1447,Christopher,Serrano,Male,40,Marketing,Associate,2019-03-10,,,63872.37,Chicago,Active,5
1448,Elizabeth,Walker,Female,40,HR,Manager,2023-04-03,,,98355.97,Miami,Active,1
1449,Olivia,Jones,Female,29,IT,Analyst,2022-11-08,,2022-12-17,72934.51,Miami,On Leave,7
1450,Edward,Stewart,Male,43,HR,Analyst,2017-05-02,,,64892.46,Los Angeles,Active,1
1451,Kevin,Morgan,Male,29,Marketing,Analyst,2022-11-11,,,84445.97,Los Angeles,Active,3
1452,Samantha,Morgan,Female,37,Finance,Associate,2019-07-15,,,58669.43,Miami,Active,8
1453,Teresa,Jones,Female,40,Sales,Associate,2018-05-10,,,63917.65,New York,Active,4
1454,Matthew,Kidd,Male,30,Marketing,Supervisor,2015-07-13,2017-05-14,,85804.99,Chicago,Terminated,2
1455,Bradley,Moody,Male,54,HR,Manager,2021-11-10,,,143086.53,Miami,Active,7
1456,Nicholas,Trevino,Male,28,Marketing,Associate,2022-07-04,,,44626.32,Chicago,Active,4
1457,Darryl,Perez,Male,54,Finance,Manager,2019-12-24,,,139051.42,Chicago,Active,4
1458,Patrick,Robinson,Male,38,Marketing,Analyst,2022-04-09,,2022-05-18,67729.1,Miami,On Leave,2
1459,Mark,Sanders,Male,39,Sales,Manager,2016-06-12,,,111285.15,New York,Active,3
1460,Heather,Nelson,Female,51,Inventory,Manager,2021-10-03,2021-12-27,,135034.36,New York,Terminated,5
1461,John,Underwood,Male,25,IT,Analyst,2025-02-22,,,72588.63,Houston,Active,2
1462,Jacob,Flowers,Male,38,IT,Associate,2020-02-16,2023-03-20,,57650.56,Houston,Terminated,5
1463,Daniel,Woods,Male,26,IT,Analyst,2018-01-20,,,82589.8,Chicago,Active,10
1464,Mariah,Smith,Female,54,Sales,Supervisor,2023-07-01,,,112440.83,Houston,Active,9
1465,Gina,Norman,Female,29,Inventory,Clerk,2020-05-29,,,47649.43,New York,Active,7
1466,Amy,Booth,Female,38,Sales,Analyst,2017-11-13,2018-08-28,,82542.09,Los Angeles,Terminated,5
1467,Darren,Haley,Male,51,Inventory,Manager,2023-02-23,,,113930.73,Miami,Active,8
1468,Tabitha,Hudson,Female,25,Finance,Analyst,2022-04-06,,,84782.78,Houston,Active,8
1469,Elizabeth,Graham,Female,56,Finance,Manager,2017-05-06,,,162769.28,Chicago,Active,4
1470,Shane,Greene,Male,39,Marketing,Associate,2018-09-15,,,61424.1,Chicago,Active,7
1471,Marie,Snyder,Female,39,IT,Associate,2021-07-04,,,50625.44,Miami,Active,4
1472,David,Beasley,Male,43,Finance,Manager,2018-06-07,2023-01-16,,122070.87,Miami,Terminated,8
1473,Holly,Richardson,Female,56,HR,Manager,2021-12-19,,,118976.16,Los Angeles,Active,2
1474,Danielle,Garner,Female,44,Sales,Analyst,2024-05-20,,,70966.34,New York,Active,2
1475,Christopher,Bond,Male,41,Finance,Analyst,2019-08-26,2020-04-11,,90648.82,Los Angeles,Terminated,3
1476,Lindsay,Williams,Female,39,Finance,Supervisor,2023-03-07,2024-02-03,,91806.97,Chicago,Terminated,2
1477,Carmen,Smith,Female,37,Marketing,Analyst,2019-04-07,,,80413.62,Miami,Active,9
1478,Robert,Maxwell,Male,54,Finance,Manager,2018-12-16,2023-01-04,,111822.56,Los Angeles,Terminated,1
1479,Todd,Russell,Male,26,Finance,Clerk,2016-08-11,,,33913.48,Chicago,Active,7
1480,Kyle,Harvey,Male,35,Marketing,Analyst,2019-06-16,,,77263.65,Miami,Active,2
1481,Brandon,Watson,Male,32,HR,Associate,2024-08-21,,,53016.28,New York,Active,8
1482,Mary,Vargas,Female,22,Finance,Associate,2020-08-08,,,52892.07,Miami,Active,7
1483,Shannon,Mills,Female,49,Marketing,Manager,2021-01-12,,,123204.53,New York,Active,6
1484,Dennis,Shepherd,Male,54,Sales,Manager,2016-03-17,,,130532.8,New York,Active,4
1485,Jessica,Miller,Female,37,Finance,Analyst,2021-11-17,2023-11-16,,73182.46,Houston,Terminated,8
1486,William,Macdonald,Male,38,HR,Associate,2018-09-10,2022-04-28,,68201.9,Houston,Terminated,1
1487,Donald,Jordan,Male,52,Inventory,Manager,2016-06-08,,,131223.12,Miami,Active,3
1488,Savannah,Brown,Female,26,Marketing,Associate,2019-07-11,2020-10-27,,61459.47,Chicago,Terminated,1
1489,Kristina,Stevens,Female,23,Finance,Clerk,2022-09-05,,,39046.51,Chicago,Active,9
1490,Edward,Scott,Male,18,HR,Clerk,2024-09-10,,,48216.67,Houston,Active,6
1491,Kim,Bridges,Female,26,Marketing,Associate,2016-12-27,,,51710.08,Houston,Active,2
1492,Elizabeth,Thompson,Female,49,Finance,Supervisor,2024-05-04,,,109479.08,New York,Active,4
1493,Michael,Flores,Male,45,IT,Supervisor,2022-02-06,,,93617.69,Miami,Active,9
1494,Crystal,Paul,Female,24,Inventory,Associate,2022-08-29,2024-08-28,,61217.61,Houston,Terminated,10
1495,Shawn,Braun,Male,38,Inventory,Associate,2021-06-03,,,55203.65,Chicago,Active,2
1496,Andrew,Bradford,Male,48,IT,Supervisor,2019-03-27,,,110208.02,New York,Active,8
1497,Tammy,Jennings,Female,37,Inventory,Manager,2015-10-16,,,127217.84,New York,Active,9
1498,Jean,Neal,Female,28,Inventory,Analyst,2023-08-28,,,60682.08,Miami,Active,7
1499,William,Meyers,Male,36,Marketing,Associate,2021-02-04,,,60355.76,Los Angeles,Active,1
1500,Zachary,Lopez,Male,20,IT,Clerk,2018-04-18,,2024-08-04,37219.43,Chicago,On Leave,7
1501,Theresa,Barnes,Female,40,Sales,Supervisor,2019-01-21,,,99751.68,Houston,Active,6
1502,Robert,Palmer,Male,50,IT,Manager,2018-11-21,,,127792.01,Los Angeles,Active,2
1503,Anthony,Smith,Male,57,Marketing,Manager,2016-03-07,,,156178.98,Chicago,Active,3
1504,Holly,Francis,Female,50,IT,Supervisor,2024-11-27,,,106401.01,Chicago,Active,8
1505,Eric,Foster,Male,43,Finance,Supervisor,2015-08-04,,,85779.39,New York,Active,3
1506,Kristen,Smith,Female,40,Finance,Associate,2021-07-15,,,63146.59,Houston,Active,2
1507,Ariel,Ward,Female,35,Sales,Clerk,2022-04-22,2024-05-21,,54905.24,New York,Terminated,1
1508,Kevin,Miller,Male,36,Inventory,Associate,2024-04-15,,,51104.27,New York,Active,7
1509,Christina,Turner,Female,36,IT,Manager,2023-12-12,,,122907.63,Houston,Active,6
1510,Michael,Goodwin,Male,35,HR,Analyst,2020-01-01,,,84661.46,Houston,Active,9
1511,Chad,Sanchez,Male,49,Finance,Supervisor,2021-05-04,,2024-11-06,91174.79,Los Angeles,On Leave,3
1512,Nicholas,Smith,Male,24,Finance,Associate,2015-06-29,2019-12-23,,57249.6,Los Angeles,Terminated,3
1513,Kelly,Jackson,Female,46,Finance,Manager,2022-08-23,,,135425.45,New York,Active,4
1514,Janet,Avila,Female,20,Marketing,Clerk,2021-02-11,,,47901.68,Houston,Active,1
1515,Michael,Hansen,Male,49,Finance,Supervisor,2016-08-20,,,116436.58,New York,Active,9
1516,Jaime,Jones,Female,34,HR,Clerk,2017-08-16,,,43077.92,New York,Active,10
1517,James,Walters,Male,39,HR,Supervisor,2015-06-27,2015-08-28,,79301.53,Houston,Terminated,2
1518,Steven,Mccoy,Male,31,Finance,Clerk,2024-11-11,,,53587.11,Houston,Active,10
1519,Hunter,Garcia,Male,37,IT,Analyst,2015-12-21,,,70282.68,Chicago,Active,9
1520,Jillian,Little,Female,34,Sales,Supervisor,2023-03-08,,,91200.93,Los Angeles,Active,9
1521,Claudia,Ford,Female,28,Inventory,Clerk,2015-08-15,2019-12-24,,48158.73,New York,Terminated,1
1522,Donald,Bowers,Male,36,IT,Analyst,2021-04-11,,,62724.13,Houston,Active,8
1523,Kathryn,Santos,Female,28,Inventory,Analyst,2016-04-05,,2017-11-03,72235.96,Los Angeles,On Leave,3
1524,Susan,Martinez,Female,33,IT,Associate,2025-02-15,2025-03-25,,55459.99,Chicago,Terminated,4
1525,Kathryn,Gay,Female,27,HR,Associate,2021-05-14,,,63079.79,Los Angeles,Active,3
1526,Brooke,Berry,Female,43,IT,Analyst,2024-12-30,,,64736.27,Miami,Active,1
1527,Edward,Jones,Male,32,Inventory,Analyst,2015-08-31,,,63346.49,New York,Active,3
1528,Jessica,Powell,Female,24,Finance,Clerk,2022-08-03,,,34290.9,Houston,Active,6
1529,Richard,Bennett,Male,23,IT,Clerk,2022-05-16,,,37004.68,Los Angeles,Active,7
1530,Joshua,Powell,Male,30,Finance,Clerk,2016-03-09,,,55078.19,New York,Active,4
1531,Robert,Bruce,Male,33,Inventory,Supervisor,2015-07-25,,,84245.04,New York,Active,7
1532,Alexandra,Hall,Female,57,Sales,Manager,2022-01-20,,,162407.27,Miami,Active,8
1533,Manuel,Stevens,Male,51,Marketing,Supervisor,2024-11-14,2025-02-01,,87597.34,Houston,Terminated,1
1534,Kim,Hernandez,Female,48,HR,Manager,2017-05-20,,,129122.95,Miami,Active,10
1535,Emily,Ruiz,Female,54,IT,Supervisor,2020-10-08,,2023-11-14,89489.39,New York,On Leave,5
1536,Kelly,Mcguire,Female,25,HR,Associate,2024-06-10,,2025-04-24,44811.16,Chicago,On Leave,10
1537,Joshua,Meyer,Male,44,Marketing,Manager,2024-01-20,,,130935.59,New York,Active,3
1538,Katherine,Torres,Female,28,IT,Associate,2018-06-26,,2024-02-17,45146.97,Los Angeles,On Leave,5
1539,Samantha,Wilson,Female,35,Finance,Clerk,2016-06-18,,,36967.64,Chicago,Active,8
1540,Jacob,Lester,Male,36,Marketing,Analyst,2022-03-01,2024-06-02,,90900.04,Houston,Terminated,1
1541,Christopher,Simpson,Male,59,Finance,Manager,2016-05-22,,2024-04-28,136734.03,Miami,On Leave,3
1542,Yolanda,Jones,Female,39,Inventory,Supervisor,2023-05-01,,,96082.18,Chicago,Active,4
1543,Christopher,Woods,Male,33,Sales,Associate,2016-09-08,,,55338.12,Miami,Active,4
1544,Courtney,Fields,Female,44,Sales,Analyst,2020-01-06,,2022-10-23,65149.49,Houston,On Leave,7
1545,Holly,Owen,Female,34,IT,Analyst,2015-06-21,,,60449.09,Houston,Active,10
1546,Megan,Stewart,Female,23,IT,Clerk,2024-02-19,,,31742.93,New York,Active,3
1547,James,Medina,Male,33,Marketing,Analyst,2018-03-28,,2023-07-03,75019.93,New York,On Leave,2
1548,Robert,Morales,Male,36,HR,Analyst,2020-09-08,,,77666.17,New York,Active,9
1549,Tyler,King,Male,32,Marketing,Analyst,2021-12-14,,2025-05-24,85643.72,New York,On Leave,1
1550,Sophia,Johnson,Female,33,IT,Analyst,2016-07-02,2019-10-22,,66902.19,New York,Terminated,5
1551,Katherine,Garcia,Female,29,HR,Associate,2023-01-10,2023-09-20,,49118.57,Los Angeles,Terminated,1
1552,Lori,Webb,Female,35,Inventory,Clerk,2023-03-06,2023-09-24,,44719.78,Los Angeles,Terminated,5
1553,Evelyn,Allen,Female,35,Finance,Supervisor,2024-05-22,,2025-03-04,101032.31,Miami,On Leave,8
1554,Sara,Lambert,Female,40,IT,Supervisor,2016-10-26,2018-01-11,,85889.63,Los Angeles,Terminated,1
1555,Misty,Gomez,Female,45,Inventory,Analyst,2017-07-29,,,87307.87,Miami,Active,6
1556,Tammy,Foster,Female,52,Sales,Manager,2016-06-12,,,120258.86,Houston,Active,5
1557,Sandra,Moore,Female,45,Inventory,Manager,2024-06-21,,,125700.52,New York,Active,5
1558,Timothy,Young,Male,34,Finance,Clerk,2016-08-08,,2024-11-26,57471.11,Miami,On Leave,7
1559,Donald,Garcia,Male,53,Finance,Supervisor,2021-05-17,,,116691.22,Chicago,Active,1
1560,Rhonda,Frye,Female,28,Inventory,Analyst,2020-06-28,,,81155.15,Miami,Active,7
1561,Ryan,Irwin,Male,27,IT,Clerk,2022-03-08,,,38094.22,New York,Active,8
1562,Kristina,Miles,Female,29,IT,Associate,2020-10-20,,,63377.76,Miami,Active,1
1563,Jason,Fox,Male,40,Marketing,Analyst,2017-06-04,,,92180.71,Miami,Active,5
1564,Daniel,Fry,Male,48,Inventory,Supervisor,2023-08-07,,,85627.68,Chicago,Active,7
1565,Sydney,Lewis,Female,51,Inventory,Manager,2023-06-03,,2024-09-16,159499.97,Los Angeles,On Leave,3
1566,Robert,Thomas,Male,33,Inventory,Clerk,2018-02-18,,,52299.36,Los Angeles,Active,5
1567,Lori,Luna,Female,30,Inventory,Associate,2015-10-10,,,56740.02,Los Angeles,Active,8
1568,Leslie,Howard,Female,33,HR,Analyst,2017-11-21,2021-09-10,,74554.42,Los Angeles,Terminated,1
1569,Eric,Collins,Male,25,Finance,Analyst,2018-07-18,2018-11-27,,79110.49,Chicago,Terminated,2
1570,Stacy,Ward,Female,27,Finance,Associate,2018-03-08,,,54393.48,Houston,Active,1
1571,Kevin,Bradley,Male,33,Finance,Clerk,2023-07-05,,,45517.23,Houston,Active,4
1572,Holly,Pittman,Female,36,Marketing,Associate,2018-05-20,,,60946.18,Chicago,Active,1
1573,Chase,Smith,Male,39,Inventory,Associate,2015-11-15,,,64408.7,Chicago,Active,1
1574,David,Herman,Male,50,Marketing,Manager,2023-04-07,2024-02-23,,151734.61,New York,Terminated,5
1575,Troy,Williams,Male,20,IT,Clerk,2019-03-21,,2024-06-14,34326.01,Miami,On Leave,8
1576,Amber,Jackson,Female,37,Inventory,Supervisor,2021-06-25,,,98018.59,Los Angeles,Active,3
1577,Michael,Fuentes,Male,49,Inventory,Supervisor,2018-12-16,,,82289.07,Houston,Active,2
1578,Marie,Martin,Female,27,HR,Associate,2019-06-22,,,61113.99,Los Angeles,Active,8
1579,Lisa,Williams,Female,42,Marketing,Manager,2016-12-25,,,110307.92,Los Angeles,Active,1
1580,Johnny,Bowman,Male,33,Finance,Supervisor,2017-10-26,2022-08-11,,76218.38,Los Angeles,Terminated,4
1581,Evelyn,Wright,Female,48,HR,Manager,2021-12-10,2025-04-08,,110236.3,New York,Terminated,5
1582,Zachary,Reyes,Male,36,Marketing,Associate,2017-11-14,,,50777.37,Miami,Active,7
1583,Julie,Gonzalez,Female,40,Marketing,Manager,2022-10-16,,,125927.83,Los Angeles,Active,4
1584,Christopher,Johnson,Male,22,IT,Clerk,2023-01-24,,,34424.66,Chicago,Active,4
1585,Greg,Adams,Male,33,Sales,Analyst,2018-05-19,,,63633.27,New York,Active,3
1586,Peter,Jenkins,Male,35,Finance,Manager,2017-07-05,,,121888.13,Chicago,Active,4
1587,Whitney,Nelson,Female,38,Sales,Analyst,2015-06-17,,,68177.4,Chicago,Active,1
1588,Patrick,Dennis,Male,43,Sales,Manager,2023-10-27,,,123911.74,Miami,Active,6
1589,Jeremy,Dennis,Male,35,Marketing,Associate,2020-03-02,2023-02-10,,55111.16,New York,Terminated,2
1590,Michelle,Oliver,Female,30,Marketing,Clerk,2024-12-22,,,35361.1,Los Angeles,Active,4
1591,Tara,Middleton,Female,30,Sales,Clerk,2019-07-27,2020-11-25,,39051.81,Miami,Terminated,3
1592,Shelby,Hubbard,Female,32,Inventory,Clerk,2022-10-02,,,36401.3,Houston,Active,6
1593,Jennifer,Cooper,Female,38,Finance,Manager,2023-10-30,,,100509.87,Chicago,Active,6
1594,David,Hodges,Male,38,IT,Manager,2020-04-18,,2022-03-30,114945.4,Houston,On Leave,7
1595,Edward,Collins,Male,40,HR,Associate,2017-11-08,,,61099.5,Miami,Active,8
1596,Jennifer,Brooks,Female,19,Inventory,Clerk,2024-10-23,,,36459.23,New York,Active,9
1597,Mike,Rios,Male,33,Marketing,Associate,2018-08-21,,,52848.76,New York,Active,9
1598,Gary,Williams,Male,29,HR,Clerk,2022-09-01,,,52494.63,Los Angeles,Active,9
1599,Lisa,Nguyen,Female,24,Inventory,Clerk,2020-10-09,,,52782.14,New York,Active,3
1600,Timothy,Walter,Male,32,HR,Associate,2019-10-18,,,49124.05,Los Angeles,Active,2
1601,Jason,Murphy,Male,35,Sales,Manager,2024-08-04,,,139388.8,Chicago,Active,3
1602,Zachary,Jones,Male,33,Marketing,Supervisor,2018-05-23,,,89665.8,New York,Active,1
1603,Anthony,Obrien,Male,34,IT,Associate,2024-05-26,,,52873.28,New York,Active,8
1604,Frank,Kirby,Male,38,HR,Supervisor,2018-09-20,,,95783.82,Chicago,Active,7
1605,David,Osborn,Male,27,Sales,Associate,2018-06-17,,,55279.27,Chicago,Active,3
1606,Jonathan,Hall,Male,32,IT,Clerk,2023-02-24,2023-04-09,,48434.65,Chicago,Terminated,5
1607,Suzanne,Cross,Female,27,Finance,Clerk,2016-08-05,2020-03-18,,52254.36,New York,Terminated,7
1608,David,Henderson,Male,26,Inventory,Associate,2020-11-08,,,57026.81,Chicago,Active,9
1609,Misty,Lopez,Female,50,HR,Manager,2018-10-14,,,125042.94,Los Angeles,Active,9
1610,Jose,Lawson,Male,33,Inventory,Associate,2021-08-25,,,53463.18,New York,Active,8
1611,Gary,Wilson,Male,28,IT,Clerk,2017-09-04,2021-09-02,,53239.85,Miami,Terminated,3
1612,Daniel,Brady,Male,34,Marketing,Associate,2023-04-22,,,58679.62,New York,Active,8
1613,Andrea,Moreno,Female,48,Marketing,Supervisor,2020-10-20,2024-09-23,,103440.75,New York,Terminated,1
1614,Mike,Curtis,Male,48,IT,Manager,2023-10-26,2024-04-14,,129675.19,Chicago,Terminated,2
1615,Whitney,Michael,Female,36,Inventory,Associate,2017-10-20,,,57188.5,New York,Active,4
1616,Michael,Howard,Male,19,Marketing,Clerk,2016-08-16,,,46939.57,Miami,Active,9
1617,Lisa,Maddox,Female,24,Finance,Clerk,2025-01-04,,,52897.88,Los Angeles,Active,10
1618,Michael,Boyd,Male,37,Finance,Supervisor,2023-06-05,2024-08-21,,83013.53,Chicago,Terminated,3
1619,Patrick,Jones,Male,44,Marketing,Supervisor,2022-04-13,,2023-04-26,85420.64,New York,On Leave,9
1620,Wayne,Schmidt,Male,43,Sales,Analyst,2023-11-22,,,82785.38,Los Angeles,Active,6
1621,Gregory,Owens,Male,45,HR,Supervisor,2019-01-15,,,98953.81,Miami,Active,5
1622,Andrew,Gray,Male,32,Sales,Clerk,2015-08-29,,,34505.43,Chicago,Active,3
1623,Ashley,Buck,Female,56,IT,Manager,2016-04-18,,,156265.1,Los Angeles,Active,10
1624,Connor,Price,Male,53,Inventory,Manager,2016-04-20,,2016-09-11,137946.28,New York,On Leave,10
1625,Richard,Garcia,Male,28,Inventory,Analyst,2016-11-19,,,70839.8,Miami,Active,3
1626,Tyler,Chen,Male,32,IT,Supervisor,2020-09-30,2022-12-04,,84339.68,New York,Terminated,2
1627,Yolanda,Lewis,Female,45,Marketing,Analyst,2019-03-12,,,84689.89,Los Angeles,Active,4
1628,James,Owens,Male,50,Sales,Supervisor,2016-06-15,,,84086.37,Houston,Active,3
1629,Carolyn,Aguilar,Female,33,Finance,Supervisor,2022-09-26,,,84435.82,Chicago,Active,9
1630,Steven,Clark,Male,24,HR,Clerk,2025-03-01,,,40238.95,Chicago,Active,4
1631,Donald,Price,Male,38,Marketing,Associate,2022-02-10,,2022-10-03,49441.7,Chicago,On Leave,5
1632,Jasmine,Goodman,Female,25,Inventory,Associate,2024-07-31,2025-03-26,,52121.29,Chicago,Terminated,5
1633,Mitchell,Rogers,Male,31,Inventory,Clerk,2017-06-03,2020-10-08,,50929.49,New York,Terminated,5
1634,David,Shah,Male,50,Inventory,Supervisor,2024-07-16,,,88100.7,New York,Active,3
1635,Kimberly,Walker,Female,26,Finance,Analyst,2019-01-18,,,78634.1,Miami,Active,2
1636,Daniel,Parker,Male,32,Marketing,Associate,2017-06-21,,,48386.73,New York,Active,4
1637,Laura,Thomas,Female,42,Sales,Analyst,2017-12-24,2018-09-13,,69831.48,Miami,Terminated,3
1638,Barbara,Jackson,Female,23,Sales,Associate,2019-06-25,2024-01-04,,55738.17,Houston,Terminated,8
1639,Emily,Stone,Female,30,Inventory,Supervisor,2021-02-06,,,87590.6,New York,Active,7
1640,Victoria,Richards,Female,34,Inventory,Associate,2022-11-13,,,48913.62,Houston,Active,1
1641,Bruce,Carpenter,Male,25,Marketing,Associate,2022-12-24,,,56290.51,Miami,Active,2
1642,Michael,Bean,Male,34,HR,Analyst,2021-08-02,,,85031.01,Houston,Active,2
1643,Kathryn,Lamb,Female,44,Finance,Analyst,2021-07-29,,,84452.96,New York,Active,1
1644,Carmen,Porter,Female,37,Marketing,Analyst,2016-05-03,,,75248.09,Los Angeles,Active,10
1645,Allen,Ferrell,Male,34,Marketing,Supervisor,2022-10-12,,2025-05-18,90602.63,Los Angeles,On Leave,5
1646,Nichole,Phillips,Female,31,Inventory,Clerk,2018-02-18,,,55461.01,Chicago,Active,7
1647,Vincent,Fisher,Male,34,HR,Associate,2024-09-15,2024-11-01,,60881.73,Miami,Terminated,3
1648,Elizabeth,Diaz,Female,22,Finance,Associate,2022-01-20,,,56806.3,Miami,Active,6
1649,Jeffrey,Foster,Male,35,HR,Associate,2015-08-09,,,61892.35,Miami,Active,7
1650,Seth,Sherman,Male,29,Marketing,Clerk,2016-01-27,,,42868.21,Los Angeles,Active,3
1651,Heidi,Huang,Female,49,Marketing,Supervisor,2018-12-13,,,113225.69,Chicago,Active,10
1652,Teresa,Ponce,Female,32,Finance,Supervisor,2021-07-09,,,99156.88,Miami,Active,3
1653,Caitlin,Jordan,Female,43,IT,Supervisor,2019-08-15,,,90177.7,Chicago,Active,6
1654,Anthony,Hall,Male,40,Sales,Manager,2022-07-05,,,123721.45,New York,Active,6
1655,Jason,Davis,Male,28,IT,Clerk,2020-12-30,2022-10-05,,34866.27,Chicago,Terminated,5
1656,Andrew,Henderson,Male,33,Finance,Analyst,2016-02-26,,2018-04-05,87155.58,Miami,On Leave,8
1657,Matthew,Gardner,Male,29,Finance,Clerk,2024-04-14,,,55047.53,Miami,Active,5
1658,Jennifer,Davies,Female,31,Sales,Associate,2018-09-28,,2025-01-20,48534.52,Miami,On Leave,6
1659,Brian,Malone,Male,37,IT,Analyst,2024-11-10,,2025-04-22,81864.47,Miami,On Leave,2
1660,Melissa,Browning,Female,20,HR,Clerk,2018-01-15,,,41291.92,Los Angeles,Active,1
1661,Caitlin,Wagner,Female,39,IT,Supervisor,2021-05-27,,,90818.97,Miami,Active,5
1662,Jacob,Hayden,Male,46,Inventory,Supervisor,2024-12-03,,,109592.96,Miami,Active,2
1663,Andrea,Rodriguez,Female,39,Finance,Analyst,2021-05-15,,,86742.05,Chicago,Active,2
1664,Rachel,Lewis,Female,27,HR,Analyst,2023-06-30,,,82244.37,Houston,Active,6
1665,Jason,Scott,Male,40,IT,Supervisor,2021-03-19,,,102354.87,Houston,Active,9
1666,Suzanne,Simmons,Female,34,IT,Supervisor,2024-02-25,,,82237.41,New York,Active,10
1667,Taylor,Rodriguez,Female,51,Inventory,Supervisor,2016-02-22,,,110706.62,New York,Active,2
1668,Deborah,Wang,Female,32,Sales,Associate,2017-06-23,,,49748.86,Houston,Active,7
1669,Ashley,Le,Female,25,IT,Clerk,2018-05-02,2022-10-14,,48362.54,New York,Terminated,3
1670,Jennifer,Anderson,Female,38,IT,Associate,2018-04-26,,,49411.17,Houston,Active,8
1671,Wayne,Lopez,Male,32,Inventory,Associate,2023-09-17,,,56830.93,Los Angeles,Active,5
1672,Natalie,Williams,Female,29,Marketing,Associate,2020-08-19,,,51327.97,Miami,Active,4
1673,Tara,Schneider,Female,47,Sales,Manager,2022-01-02,,,120174.64,Los Angeles,Active,10
1674,James,Mills,Male,28,Sales,Analyst,2021-01-04,2023-09-28,,65031.39,Los Angeles,Terminated,1
1675,Patrick,Ferguson,Male,18,Marketing,Clerk,2016-08-07,,2018-11-28,49196.98,Los Angeles,On Leave,7
1676,Stephen,Harris,Male,40,IT,Analyst,2021-09-01,,,86642.44,Miami,Active,7
1677,Gina,Morris,Female,18,IT,Clerk,2019-07-01,,,35247.06,Chicago,Active,6
1678,Spencer,Moon,Male,52,Marketing,Manager,2015-09-04,,,149762.24,Miami,Active,9
1679,Helen,Barron,Female,43,Sales,Manager,2017-01-25,2021-01-24,,141047.18,New York,Terminated,2
1680,Barbara,Evans,Female,38,HR,Manager,2024-06-15,,,128244.33,New York,Active,10
1681,Whitney,Lewis,Female,36,Marketing,Manager,2016-10-24,,,112693.03,Los Angeles,Active,6
1682,Thomas,Hogan,Male,34,Inventory,Clerk,2019-07-29,,,53374.75,Los Angeles,Active,1
1683,Todd,Moore,Male,28,Inventory,Associate,2015-09-07,,,44264.37,Los Angeles,Active,6
1684,Jacob,Evans,Male,50,Sales,Manager,2020-07-07,,,109903.47,Houston,Active,6
1685,Aaron,Jones,Male,31,Inventory,Supervisor,2022-09-12,,,100957.91,Los Angeles,Active,8
1686,Crystal,Roberts,Female,25,IT,Analyst,2015-09-10,2015-10-28,,64303.46,New York,Terminated,1
1687,David,Beasley,Male,18,Finance,Clerk,2017-10-27,,2021-03-20,40597.54,Miami,On Leave,10
1688,Donald,Gonzalez,Male,32,Inventory,Clerk,2019-07-05,,,46056.48,Miami,Active,7
1689,Jamie,Kennedy,Female,32,Finance,Associate,2025-03-27,,,48442.86,Miami,Active,6
1690,Timothy,Mcdonald,Male,29,IT,Clerk,2016-08-02,,,47106.53,Chicago,Active,8
1691,Jacob,Diaz,Male,26,HR,Associate,2025-03-12,,,54649.92,Miami,Active,7
1692,Morgan,Gonzalez,Female,20,HR,Clerk,2024-11-25,,,38401.68,Chicago,Active,10
1693,Cindy,Marshall,Female,48,Finance,Supervisor,2023-06-19,,,90252.52,New York,Active,6
1694,Manuel,Ellis,Male,52,Marketing,Supervisor,2016-04-08,,,87326.78,Chicago,Active,4
1695,Crystal,Cain,Female,47,HR,Supervisor,2022-05-31,,,89121.94,Los Angeles,Active,8
1696,Anthony,Sawyer,Male,22,Finance,Associate,2019-03-01,2023-01-30,,50649.53,Chicago,Terminated,8
1697,Laura,Cole,Female,23,Marketing,Associate,2018-08-19,,,53439.02,Los Angeles,Active,5
1698,Jesse,Payne,Male,37,IT,Supervisor,2025-04-09,,,104190.4,Miami,Active,5
1699,Jennifer,Boyer,Female,52,IT,Supervisor,2021-03-19,,,117160.37,Houston,Active,4
1700,Jacob,Norman,Male,25,Finance,Analyst,2024-01-23,,,82012.82,Los Angeles,Active,9
1701,Kenneth,Williams,Male,34,Finance,Analyst,2017-03-02,,,70150.28,Miami,Active,6
1702,Mark,Tate,Male,31,IT,Supervisor,2021-11-22,2025-02-22,,89855.86,New York,Terminated,1
1703,Christopher,Romero,Male,36,Inventory,Manager,2024-01-13,,,134195.76,Houston,Active,4
1704,Robin,Moore,Female,27,Inventory,Clerk,2024-11-23,,,46742.48,Los Angeles,Active,8
1705,Stephen,Young,Male,24,Finance,Clerk,2020-03-12,,,39951.81,Houston,Active,6
1706,Matthew,Taylor,Male,27,Sales,Associate,2022-07-19,,,46458.86,Los Angeles,Active,4
1707,Katie,Roman,Female,38,Marketing,Associate,2020-09-11,,,57060.44,Miami,Active,1
1708,Debra,Jackson,Female,48,Marketing,Manager,2020-10-03,,,143485.63,Los Angeles,Active,8
1709,Sherry,Key,Female,55,Inventory,Supervisor,2024-09-26,,,115915.16,Miami,Active,3
1710,Donna,French,Female,50,Inventory,Supervisor,2022-07-13,,,117231.49,New York,Active,10
1711,Peter,Poole,Male,31,Inventory,Clerk,2023-12-16,2024-10-07,,34669.16,Los Angeles,Terminated,6
1712,Tammy,Lindsey,Female,18,Marketing,Clerk,2017-02-08,,2021-02-21,45844.24,Miami,On Leave,6
1713,Albert,Fitzpatrick,Male,37,IT,Supervisor,2019-10-22,2022-01-18,,103644.17,Miami,Terminated,2
1714,Kimberly,Hughes,Female,30,Finance,Clerk,2021-08-16,,,41777.05,Houston,Active,1
1715,Keith,Johnson,Male,41,Marketing,Analyst,2018-03-19,,,77327.93,New York,Active,2
1716,Matthew,Henry,Male,34,HR,Clerk,2020-02-24,,,47711.33,Los Angeles,Active,10
1717,Sara,Graves,Female,25,Sales,Analyst,2019-07-16,,,63662.09,Miami,Active,8
1718,Steven,Clark,Male,30,HR,Clerk,2023-04-16,,,53551.24,Los Angeles,Active,2
1719,Kristina,Moreno,Female,40,Finance,Analyst,2016-04-03,,2023-05-27,74532.27,Los Angeles,On Leave,6
1720,Benjamin,Wallace,Male,35,Inventory,Analyst,2023-08-06,,,61819.31,Chicago,Active,3
1721,Tyler,Luna,Male,32,HR,Clerk,2023-05-29,,,45622.61,New York,Active,2
1722,Nicholas,Harrington,Male,27,Marketing,Associate,2018-01-19,,,47146.0,Chicago,Active,2
1723,Larry,Benitez,Male,38,Inventory,Manager,2021-07-17,,,139608.3,Chicago,Active,10
1724,Alexander,Wall,Male,30,Finance,Analyst,2015-11-05,,,69782.45,Chicago,Active,10
1725,Kristen,Griffin,Female,52,Finance,Manager,2023-12-15,,,145021.75,Chicago,Active,7
1726,Brandon,Donovan,Male,35,IT,Associate,2023-07-10,,,69661.87,Miami,Active,8
1727,Shane,Harris,Male,38,Sales,Associate,2017-05-31,,,51521.82,Miami,Active,2
1728,Jaime,Hogan,Female,29,Sales,Associate,2019-01-26,,,45002.77,Miami,Active,4
1729,William,Rose,Male,50,Inventory,Supervisor,2023-07-26,,,116304.41,New York,Active,7
1730,Lisa,White,Female,29,IT,Clerk,2021-06-12,2022-10-14,,49175.77,Los Angeles,Terminated,1
1731,Heidi,Bennett,Female,20,HR,Clerk,2019-09-27,,,34535.97,Miami,Active,1
1732,Lee,Estrada,Male,29,Marketing,Associate,2019-10-15,,,64405.58,Houston,Active,6
1733,Lori,Chavez,Female,55,Inventory,Manager,2015-09-30,,,127400.25,New York,Active,8
1734,Robert,Jones,Male,46,Sales,Manager,2024-03-05,,,127039.68,Chicago,Active,10
1735,Jenna,Mora,Female,35,Inventory,Clerk,2023-05-31,,,46210.53,Chicago,Active,2
1736,Whitney,Alexander,Female,37,HR,Associate,2020-12-08,,,65355.75,New York,Active,4
1737,Adam,Lopez,Male,26,HR,Clerk,2016-10-11,,,38781.76,Miami,Active,5
1738,Douglas,Wood,Male,42,Finance,Analyst,2020-12-14,,,94414.45,Houston,Active,4
1739,Teresa,Joyce,Female,26,HR,Associate,2019-01-27,2023-01-25,,64594.04,Houston,Terminated,3
1740,Lisa,Hall,Female,30,Marketing,Analyst,2021-12-03,,2025-03-14,86843.07,Los Angeles,On Leave,6
1741,Michelle,Barnett,Female,46,Inventory,Supervisor,2017-07-01,,,84753.58,Miami,Active,7
1742,Richard,Martinez,Male,40,Sales,Analyst,2023-10-08,,,93190.18,New York,Active,1
1743,Brandy,Moore,Female,19,Inventory,Clerk,2019-06-11,,,49687.69,Los Angeles,Active,2
1744,Kevin,English,Male,40,HR,Analyst,2025-03-10,,,87315.5,Los Angeles,Active,3
1745,Jessica,Diaz,Female,40,Finance,Supervisor,2019-11-27,,,76371.4,Los Angeles,Active,8
1746,Jennifer,Cowan,Female,37,Inventory,Associate,2015-09-30,,,53297.24,Miami,Active,7
1747,Brittany,Harris,Female,21,Sales,Clerk,2022-12-07,,,40923.51,Houston,Active,6
1748,Christine,Conway,Female,44,IT,Supervisor,2020-03-24,,,102215.13,Miami,Active,2
1749,Christopher,Snyder,Male,19,Finance,Clerk,2024-09-20,,,41731.16,Chicago,Active,10
1750,Brian,Reyes,Male,31,Marketing,Clerk,2024-10-12,,,37448.16,Miami,Active,7
1751,Courtney,Phillips,Female,42,HR,Manager,2018-04-05,,,121736.72,Chicago,Active,2
1752,Cheyenne,Anderson,Female,46,Inventory,Manager,2018-05-07,,2023-03-03,106258.52,Miami,On Leave,4
1753,Kristopher,Wilson,Male,32,Marketing,Clerk,2016-03-22,,2023-08-17,52993.51,Houston,On Leave,5
1754,Christopher,Collins,Male,30,HR,Associate,2023-03-03,,,48656.37,New York,Active,4
1755,Bradley,Stein,Male,28,Sales,Clerk,2019-10-06,,,47750.47,Miami,Active,10
1756,Andrew,Long,Male,24,IT,Associate,2015-07-05,,,62635.73,Miami,Active,1
1757,Alvin,Duarte,Male,50,Marketing,Supervisor,2017-12-23,,,110169.37,Miami,Active,1
1758,Crystal,Osborne,Female,36,HR,Supervisor,2023-07-30,,2024-11-06,99543.3,Miami,On Leave,5
1759,Guy,Jenkins,Male,45,Marketing,Analyst,2022-03-04,,,96422.74,Miami,Active,4
1760,Daniel,Perez,Male,34,Finance,Analyst,2018-06-07,2021-07-02,,85840.45,Chicago,Terminated,2
1761,Ashley,Watson,Female,38,HR,Manager,2017-11-17,,,109099.97,Chicago,Active,2
1762,Allen,Galvan,Male,38,HR,Associate,2016-09-14,,,71454.21,New York,Active,4
1763,Robert,Cortez,Male,18,HR,Clerk,2019-10-28,,,35346.64,New York,Active,7
1764,Kristin,Daniel,Female,46,HR,Manager,2018-09-06,,,126865.09,Los Angeles,Active,6
1765,Matthew,Lin,Male,27,Marketing,Associate,2016-04-21,,,48458.56,Miami,Active,1
1766,Shane,Palmer,Male,30,HR,Supervisor,2018-01-12,,,76259.69,Los Angeles,Active,10
1767,Richard,Randolph,Male,32,IT,Supervisor,2017-11-05,,,93620.98,Chicago,Active,8
1768,Lindsay,Jones,Female,37,Inventory,Analyst,2017-09-09,,2020-12-12,61660.26,Los Angeles,On Leave,1
1769,Courtney,Lopez,Female,31,HR,Clerk,2022-07-28,,,47209.9,Chicago,Active,7
1770,Katie,Clark,Female,57,Marketing,Manager,2024-03-03,,,119107.26,Chicago,Active,1
1771,Nicole,Ford,Female,47,Finance,Manager,2016-11-16,,,110960.79,Los Angeles,Active,2
1772,Edward,Byrd,Male,33,Finance,Associate,2021-06-02,,2023-04-26,52401.04,Los Angeles,On Leave,4
1773,Chad,Osborne,Male,29,IT,Analyst,2021-12-24,,,60637.01,Houston,Active,4
1774,Jeffrey,Smith,Male,28,HR,Associate,2023-01-28,,,58461.9,Los Angeles,Active,6
1775,Kathryn,Carroll,Female,58,Marketing,Manager,2021-01-07,,2022-12-06,133502.41,Los Angeles,On Leave,5
1776,Christina,Santos,Female,41,IT,Manager,2015-05-30,,,127796.77,Houston,Active,9
1777,Christine,Kennedy,Female,43,Inventory,Manager,2019-08-05,,,116275.76,Chicago,Active,5
1778,Stephen,Williams,Male,18,Finance,Clerk,2024-10-04,,,36016.49,New York,Active,8
1779,David,Barber,Male,34,Inventory,Supervisor,2025-03-06,,,76496.29,Los Angeles,Active,8
1780,Marie,Ross,Female,47,Inventory,Supervisor,2022-09-17,,,85769.98,Los Angeles,Active,1
1781,Bridget,Moore,Female,46,HR,Manager,2015-10-20,,,119338.83,Houston,Active,4
1782,Holly,Scott,Female,31,Marketing,Associate,2024-05-23,,,66734.18,Los Angeles,Active,6
1783,Daniel,Ramirez,Male,48,Sales,Supervisor,2024-05-29,,,107584.2,Houston,Active,8
1784,Ashley,Moreno,Female,47,Sales,Supervisor,2016-10-01,,,115056.69,Miami,Active,6
1785,Richard,Castillo,Male,53,Inventory,Manager,2019-09-30,,,147645.77,Houston,Active,7
1786,Scott,Tran,Male,40,HR,Analyst,2015-07-02,,,91470.99,Miami,Active,10
1787,Morgan,Moses,Female,37,Inventory,Supervisor,2019-10-13,,,96186.95,Houston,Active,9
1788,Holly,Carey,Female,26,IT,Associate,2020-12-25,,,61205.54,New York,Active,8
1789,Andrew,Solis,Male,48,Finance,Supervisor,2016-04-02,,,111526.42,Houston,Active,5
1790,Victor,Marsh,Male,40,Sales,Supervisor,2017-11-02,,,98122.46,New York,Active,5
1791,Kaitlin,Davis,Female,59,Finance,Manager,2023-02-10,,,128601.82,Chicago,Active,6
1792,Miranda,Thomas,Female,40,HR,Manager,2025-03-04,,,114221.51,New York,Active,4
1793,Kristin,Schwartz,Female,33,HR,Supervisor,2023-12-29,,,95571.73,Miami,Active,1
1794,Angela,Stafford,Female,25,HR,Clerk,2023-05-24,,,39323.65,Miami,Active,7
1795,Sarah,Hooper,Female,29,Marketing,Analyst,2016-08-11,,,69575.6,Los Angeles,Active,7
1796,Dustin,Green,Male,47,Sales,Supervisor,2023-10-13,,,78682.88,New York,Active,6
1797,Amber,Shannon,Female,47,Marketing,Supervisor,2023-08-18,,,98613.04,Houston,Active,1
1798,Melissa,Miller,Female,40,IT,Analyst,2016-09-08,,,78825.46,Miami,Active,10
1799,Jenna,Gonzalez,Female,32,HR,Analyst,2019-05-08,,,71471.87,Houston,Active,10
1800,Gina,Lee,Female,35,HR,Supervisor,2015-08-29,,,95917.97,New York,Active,4
1801,Andrea,Morrison,Female,31,Marketing,Clerk,2019-01-01,,,35632.4,New York,Active,4
1802,Michael,Vaughan,Male,60,HR,Manager,2019-11-24,,,149977.15,Los Angeles,Active,9
1803,Matthew,Larson,Male,42,Marketing,Manager,2015-12-17,2016-08-10,,137601.51,Houston,Terminated,5
1804,Kyle,Dudley,Male,51,Finance,Manager,2023-01-04,,,135531.68,Miami,Active,3
1805,Loretta,Barnes,Female,23,Finance,Clerk,2020-06-27,2025-04-10,,51480.87,Los Angeles,Terminated,3
1806,Rachel,Elliott,Female,43,Inventory,Analyst,2019-10-15,,,69630.39,Houston,Active,4
1807,Cynthia,Murphy,Female,29,Inventory,Associate,2024-11-14,,,56727.06,Miami,Active,6
1808,Tiffany,Beasley,Female,29,Sales,Analyst,2023-02-28,,,76538.86,Los Angeles,Active,8
1809,Shannon,Collins,Female,36,Finance,Associate,2021-03-26,,,64223.37,Chicago,Active,5
1810,Brenda,Adams,Female,32,Finance,Associate,2018-11-04,,,63167.83,Chicago,Active,7
1811,Jessica,Hawkins,Female,19,IT,Clerk,2019-06-16,,,35343.59,Chicago,Active,9
1812,Megan,Walker,Female,47,Marketing,Supervisor,2023-06-29,,,82079.47,Los Angeles,Active,6
1813,John,Williams,Male,39,Finance,Manager,2023-07-17,,,115945.94,Miami,Active,4
1814,Deborah,Jenkins,Female,28,HR,Associate,2019-05-01,,,62278.3,Chicago,Active,6
1815,Crystal,Fox,Female,24,Finance,Clerk,2024-12-02,2025-05-09,,43623.12,New York,Terminated,4
1816,Mike,Estes,Male,47,Inventory,Manager,2018-10-03,,,115090.34,Los Angeles,Active,1
1817,Angela,Young,Female,30,Sales,Analyst,2018-08-16,,,65624.92,Miami,Active,2
1818,Kenneth,Duffy,Male,44,Marketing,Supervisor,2023-10-22,2024-09-16,,111365.16,New York,Terminated,2
1819,Dean,Hamilton,Male,30,Sales,Associate,2024-07-07,2024-10-24,,56268.65,New York,Terminated,2
1820,Michael,Wells,Male,28,Finance,Associate,2024-11-23,,,64851.42,Los Angeles,Active,8
1821,Taylor,Barron,Female,45,IT,Manager,2016-09-07,,,151186.76,Miami,Active,1
1822,Daniel,Orozco,Male,30,Sales,Analyst,2020-09-01,2022-09-14,,84071.14,New York,Terminated,1
1823,Melissa,Conway,Female,43,HR,Manager,2019-02-12,,,111518.89,Houston,Active,2
1824,Darren,Jordan,Male,40,Marketing,Manager,2018-03-13,,2022-05-02,120831.93,Chicago,On Leave,3
1825,Jill,Woodward,Female,22,Inventory,Associate,2020-03-02,,,56570.6,Miami,Active,2
1826,Jessica,Perry,Female,33,Sales,Clerk,2015-08-26,2017-11-08,,53540.58,New York,Terminated,2
1827,Andre,Hale,Male,31,Sales,Supervisor,2022-08-23,,,91381.04,Houston,Active,3
1828,Theresa,Jenkins,Female,31,Sales,Supervisor,2022-06-09,,,69740.31,Houston,Active,1
1829,Christopher,Bean,Male,48,HR,Manager,2021-05-25,,,120154.89,Houston,Active,5
1830,Jack,Jackson,Male,41,IT,Manager,2022-08-10,,,99543.92,Houston,Active,7
1831,Dalton,Williams,Male,50,Marketing,Supervisor,2018-12-02,2020-03-03,,117936.98,Houston,Terminated,5
1832,Kayla,Buchanan,Female,27,HR,Associate,2018-11-16,,,46742.28,New York,Active,10
1833,Donald,Henderson,Male,31,Sales,Analyst,2017-12-17,,,80342.68,Miami,Active,3
1834,Robert,May,Male,28,IT,Associate,2024-03-05,,,58054.46,Miami,Active,3
1835,Tracy,Hays,Female,27,Marketing,Analyst,2019-07-12,,,69897.22,Miami,Active,1
1836,Tracy,Johnson,Female,33,Inventory,Clerk,2024-04-22,,,43053.34,Miami,Active,7
1837,Anthony,Coleman,Male,19,Inventory,Clerk,2016-07-22,,2017-02-21,33895.4,Chicago,On Leave,10
1838,Dean,Lawson,Male,28,Marketing,Analyst,2015-08-01,,2016-06-18,87281.62,Houston,On Leave,7
1839,Christy,Rocha,Female,31,HR,Associate,2022-01-11,,,59860.44,Miami,Active,2
1840,Judith,Sharp,Female,60,Sales,Manager,2023-07-14,,2023-09-13,116175.98,Miami,On Leave,9
1841,Jennifer,Hernandez,Female,33,Marketing,Associate,2023-01-21,,,54144.26,Houston,Active,8
1842,Edward,Parker,Male,42,Inventory,Analyst,2016-08-07,,,91753.68,Chicago,Active,9
1843,Tammy,Conner,Female,45,Inventory,Manager,2015-05-29,,2023-12-25,117669.35,Houston,On Leave,5
1844,Charles,Curry,Male,53,Marketing,Manager,2022-08-29,,,117179.59,Los Angeles,Active,3
1845,Mary,Price,Female,40,Marketing,Associate,2018-12-04,,,69302.94,Houston,Active,8
1846,Jaime,Baldwin,Female,24,HR,Clerk,2020-07-11,,,46197.22,Miami,Active,1
1847,Brenda,Robinson,Female,56,IT,Manager,2019-12-31,,,146767.92,New York,Active,6
1848,Leonard,Dennis,Male,18,Sales,Clerk,2025-01-25,,,31999.7,Miami,Active,9
1849,Kelly,Clark,Female,55,HR,Manager,2020-09-27,,,118177.26,Houston,Active,5
1850,Christina,Hicks,Female,30,Marketing,Clerk,2020-05-18,,,36823.79,Chicago,Active,6
1851,Joel,Williams,Male,33,Inventory,Clerk,2021-07-31,,,56118.68,Los Angeles,Active,10
1852,Paul,Brown,Male,23,HR,Clerk,2024-02-15,,,31903.84,Miami,Active,6
1853,Susan,Johnson,Female,44,Marketing,Supervisor,2018-10-05,,,100613.0,Chicago,Active,6
1854,Lisa,Robinson,Female,40,HR,Analyst,2021-10-19,,,80595.59,Miami,Active,10
1855,Michelle,James,Female,22,IT,Clerk,2021-09-06,,,38419.69,New York,Active,6
1856,Richard,Jones,Male,41,Finance,Supervisor,2017-05-04,,,95655.14,Los Angeles,Active,9
1857,Jean,Vaughn,Female,50,Finance,Manager,2025-03-01,,2025-05-01,128332.52,New York,On Leave,9
1858,Ashley,Bailey,Female,20,HR,Clerk,2022-09-21,,,50860.04,Los Angeles,Active,4
1859,Kristina,Wolf,Female,35,Finance,Clerk,2015-07-22,2020-07-18,,52815.66,Houston,Terminated,1
1860,Shawn,Huang,Male,41,Sales,Analyst,2023-09-15,2025-04-25,,89471.96,Miami,Terminated,2
1861,Luis,Wood,Male,18,IT,Clerk,2020-10-29,,,36140.39,Miami,Active,10
1862,Brandon,Jones,Male,27,Finance,Associate,2017-06-06,2019-02-24,,57704.64,Houston,Terminated,3
1863,Tabitha,Jackson,Female,30,Marketing,Associate,2018-11-02,,,61644.85,Chicago,Active,2
1864,Theresa,Russell,Female,40,HR,Manager,2023-09-15,,2023-10-19,142568.19,Chicago,On Leave,8
1865,Linda,Lee,Female,27,HR,Associate,2023-08-12,,,44987.27,Miami,Active,4
1866,David,Macias,Male,58,IT,Manager,2017-06-25,,,147898.92,New York,Active,8
1867,Heidi,Nicholson,Female,43,Inventory,Supervisor,2017-11-03,,,96801.5,New York,Active,4
1868,Matthew,Coffey,Male,30,HR,Analyst,2018-06-30,,,86290.51,New York,Active,8
1869,Aaron,Bennett,Male,42,Sales,Analyst,2021-12-28,,,70748.3,Chicago,Active,9
1870,James,Coleman,Male,24,IT,Associate,2019-03-25,2024-01-27,,52010.36,New York,Terminated,8
1871,Caroline,Smith,Female,33,Finance,Associate,2019-09-10,,,63373.15,Los Angeles,Active,3
1872,Dean,Jackson,Male,36,Sales,Supervisor,2017-08-08,,,97397.52,Chicago,Active,5
1873,Jose,Bell,Male,21,Marketing,Clerk,2019-03-31,,,45564.69,Houston,Active,3
1874,Alison,Day,Female,30,Inventory,Analyst,2024-03-12,,,62460.56,Miami,Active,7
1875,John,Short,Male,34,IT,Analyst,2015-08-18,2017-06-28,,79977.84,Miami,Terminated,6
1876,Lawrence,Wilson,Male,49,Inventory,Manager,2020-12-15,,,112555.87,Miami,Active,4
1877,Carolyn,Barr,Female,33,HR,Analyst,2021-06-18,,,83857.8,Chicago,Active,8
1878,Hector,Carroll,Male,32,Inventory,Analyst,2017-01-02,,,58487.49,Chicago,Active,10
1879,Rebecca,Day,Female,36,HR,Analyst,2023-03-06,,,68579.59,Miami,Active,9
1880,Alexandra,Moses,Female,21,Finance,Clerk,2022-10-21,2023-05-26,,42341.43,New York,Terminated,1
1881,Kaitlyn,Lynch,Female,40,Finance,Associate,2021-10-11,,,71454.33,Los Angeles,Active,6
1882,Katherine,Garcia,Female,45,Finance,Manager,2019-10-22,,,146409.28,Houston,Active,7
1883,Angela,Taylor,Female,20,IT,Clerk,2015-05-24,,,45213.85,New York,Active,5
1884,Sarah,Mcclain,Female,32,Inventory,Supervisor,2023-03-08,,,79101.51,Houston,Active,2
1885,Savannah,Burgess,Female,48,Marketing,Manager,2017-09-18,,2022-02-05,142438.06,Chicago,On Leave,10
1886,Michelle,Fuentes,Female,22,Sales,Associate,2023-03-05,,,48196.26,Miami,Active,8
1887,Lauren,Williams,Female,49,IT,Manager,2017-07-20,,,139084.26,Miami,Active,7
1888,William,Williams,Male,31,Sales,Associate,2021-10-29,,,58602.25,Chicago,Active,9
1889,Jeanette,Rodriguez,Female,59,Marketing,Manager,2020-09-02,,2025-03-13,157067.58,Chicago,On Leave,9
1890,Matthew,Griffin,Male,50,Marketing,Manager,2019-03-23,,,119881.15,Chicago,Active,5
1891,Leslie,Chung,Female,30,Finance,Clerk,2022-09-23,,,49093.4,New York,Active,2
1892,Gina,Martinez,Female,39,Sales,Supervisor,2024-09-07,2024-11-24,,100354.34,Houston,Terminated,1
1893,Rachel,Jensen,Female,34,Finance,Analyst,2020-01-01,,,65825.05,Houston,Active,8
1894,Nathan,Cabrera,Male,30,Marketing,Clerk,2025-02-06,2025-04-12,,53924.76,Houston,Terminated,2
1895,Rodney,Morales,Male,31,Inventory,Supervisor,2024-10-27,,,91254.03,New York,Active,8
1896,Michelle,Miller,Female,43,Finance,Analyst,2016-09-18,,,93074.74,Chicago,Active,6
1897,John,Decker,Male,21,HR,Clerk,2021-04-11,,,49260.05,Miami,Active,10
1898,Melissa,Garcia,Female,37,Inventory,Analyst,2022-05-03,,,73844.99,Los Angeles,Active,7
1899,Shannon,Gilbert,Female,26,Sales,Clerk,2025-01-22,,,44685.48,New York,Active,3
1900,Robert,Schwartz,Male,55,Sales,Supervisor,2019-09-02,,,108069.91,Chicago,Active,9
1901,Megan,Lewis,Female,36,Marketing,Supervisor,2024-02-02,,2024-06-21,89263.02,New York,On Leave,10
1902,Caleb,Hill,Male,52,HR,Manager,2020-05-31,,,110687.82,Miami,Active,2
1903,Manuel,Davis,Male,34,Sales,Analyst,2015-10-30,,,70338.42,Houston,Active,4
1904,Andrew,Obrien,Male,30,Sales,Supervisor,2016-12-08,,2020-10-26,88577.27,Chicago,On Leave,2
1905,Lisa,Duffy,Female,33,IT,Analyst,2022-02-16,,,82288.58,Chicago,Active,10
1906,Lisa,Parker,Female,22,Sales,Clerk,2022-12-11,,,46608.47,Houston,Active,10
1907,Mitchell,Buckley,Male,27,HR,Clerk,2022-10-17,,,53295.43,Los Angeles,Active,6
1908,Jack,Nelson,Male,53,Finance,Manager,2018-11-14,,,119306.08,Chicago,Active,8
1909,Tracey,Johnson,Female,44,IT,Manager,2024-12-27,,,131293.77,Chicago,Active,4
1910,Vicki,Fletcher,Female,51,IT,Supervisor,2018-06-04,,,94050.03,Los Angeles,Active,5
1911,Michael,Glenn,Male,35,Finance,Associate,2024-05-11,2024-11-13,,64789.24,New York,Terminated,4
1912,Dawn,Santos,Female,60,IT,Manager,2015-11-05,,,141057.57,Miami,Active,5
1913,Kimberly,Jackson,Female,36,HR,Associate,2017-01-07,,,63246.01,Los Angeles,Active,9
1914,Riley,Miller,Male,24,IT,Associate,2023-12-13,2024-09-22,,44323.54,Los Angeles,Terminated,4
1915,Justin,Johnson,Male,22,HR,Associate,2019-02-17,,,55472.72,Los Angeles,Active,1
1916,Tara,Summers,Female,54,Marketing,Supervisor,2025-01-11,,,91870.53,Houston,Active,9
1917,Brenda,Clark,Female,37,Inventory,Manager,2020-01-14,,,136865.9,New York,Active,8
1918,Thomas,Mccormick,Male,40,IT,Analyst,2021-09-15,,,62559.57,Los Angeles,Active,8
1919,Rhonda,Brown,Female,24,HR,Clerk,2017-11-28,,,32680.25,Houston,Active,4
1920,Katie,Castro,Female,29,Sales,Analyst,2017-05-10,,,76027.36,Miami,Active,1
1921,Penny,Dixon,Female,36,Finance,Associate,2019-08-04,,,58722.48,Houston,Active,1
1922,Karl,Figueroa,Male,59,Marketing,Manager,2024-04-24,,,115038.28,Houston,Active,6
1923,Michelle,Dunlap,Female,20,IT,Clerk,2017-02-02,2020-01-26,,45373.1,Houston,Terminated,4
1924,Kelli,Allen,Female,30,Marketing,Supervisor,2015-09-05,,,81121.36,New York,Active,6
1925,Jason,Wilson,Male,36,Inventory,Manager,2025-03-01,,,96964.37,Houston,Active,1
1926,Joe,Schneider,Male,36,HR,Manager,2023-03-16,,,95473.45,New York,Active,8
1927,Matthew,Huynh,Male,33,IT,Associate,2021-09-18,,,47416.69,New York,Active,4
1928,Albert,Baker,Male,27,Marketing,Associate,2021-03-13,,,57756.6,Los Angeles,Active,9
1929,Samantha,Erickson,Female,59,IT,Manager,2019-10-10,,,138346.94,Chicago,Active,5
1930,Sydney,Boyd,Female,42,Inventory,Manager,2019-02-16,,,118060.95,Los Angeles,Active,10
1931,Daniel,Chan,Male,22,HR,Associate,2020-08-21,,,48187.75,New York,Active,10
1932,Shelby,Carroll,Female,34,Inventory,Analyst,2023-03-05,,,87017.5,Los Angeles,Active,10
1933,Kenneth,Alexander,Male,25,HR,Associate,2022-03-03,,,62249.78,Chicago,Active,9
1934,Daniel,Simmons,Male,20,Sales,Clerk,2017-04-29,,,38432.3,Los Angeles,Active,1
1935,Kevin,Gilmore,Male,45,HR,Supervisor,2021-07-11,,,81979.72,Houston,Active,5
1936,Megan,Cohen,Female,20,Marketing,Clerk,2024-02-15,,,48458.45,Miami,Active,9
1937,Regina,Lang,Female,35,IT,Associate,2017-01-12,,,52478.37,New York,Active,1
1938,Sara,Marshall,Female,27,Marketing,Associate,2021-09-12,,,62068.02,Los Angeles,Active,4
1939,Kimberly,Camacho,Female,50,Sales,Supervisor,2021-05-09,2022-07-21,,118120.53,Chicago,Terminated,1
1940,Sandy,Scott,Female,59,Marketing,Manager,2017-05-19,2021-11-29,,122679.91,Houston,Terminated,3
1941,Katie,Andrews,Female,22,IT,Clerk,2019-09-27,,,36446.24,Houston,Active,5
1942,Dennis,Martinez,Male,27,HR,Associate,2019-12-01,,,49487.65,Houston,Active,6
1943,Jennifer,Monroe,Female,44,Marketing,Manager,2024-07-10,,,109718.4,Miami,Active,1
1944,Mary,Dean,Female,35,IT,Analyst,2019-05-27,,,62122.58,Houston,Active,8
1945,Loretta,Walter,Female,32,Marketing,Analyst,2017-08-11,,,60080.14,Chicago,Active,8
1946,Joseph,Harris,Male,42,Marketing,Analyst,2019-10-19,,,93167.28,Los Angeles,Active,6
1947,Kathryn,Brown,Female,35,Finance,Associate,2024-01-15,,2024-06-09,51342.47,Miami,On Leave,2
1948,Sara,Baxter,Female,31,IT,Clerk,2025-04-18,,,44137.3,Houston,Active,9
1949,Timothy,Flores,Male,59,Inventory,Manager,2018-12-03,,,130911.01,Los Angeles,Active,6
1950,Brandon,Williams,Male,25,Marketing,Associate,2015-11-04,,,47295.15,Chicago,Active,2
1951,Nathan,Hall,Male,41,Marketing,Analyst,2020-07-18,,2023-12-11,86948.86,Miami,On Leave,5
1952,Alyssa,Brady,Female,42,HR,Supervisor,2018-02-22,,,78907.29,Houston,Active,3
1953,Megan,Long,Female,55,Finance,Manager,2022-03-01,,,146780.7,Houston,Active,2
1954,Stephanie,Paul,Female,37,Marketing,Manager,2018-12-11,,,96433.72,Los Angeles,Active,4
1955,Kristen,Edwards,Female,45,HR,Analyst,2019-11-11,,,100234.9,New York,Active,6
1956,Christopher,Morris,Male,28,Marketing,Clerk,2024-09-27,,,45173.58,New York,Active,2
1957,Danielle,Madden,Female,39,Finance,Analyst,2024-05-30,2024-11-07,,92881.86,Miami,Terminated,2
1958,Dawn,Brown,Female,22,Finance,Associate,2018-10-16,,,49445.12,Los Angeles,Active,9
1959,Joe,Stevenson,Male,44,Inventory,Analyst,2017-01-01,,,91014.84,Los Angeles,Active,5
1960,Edward,Johnson,Male,18,Inventory,Clerk,2017-10-24,,,33351.02,Miami,Active,2
1961,Lauren,Garrison,Female,25,Inventory,Clerk,2015-06-30,,,53130.16,New York,Active,8
1962,David,Hardy,Male,41,IT,Analyst,2021-03-19,,,61843.67,New York,Active,6
1963,Edward,Dunn,Male,51,HR,Supervisor,2021-12-20,2025-04-16,,88929.48,New York,Terminated,2
1964,Morgan,Anthony,Female,42,Finance,Analyst,2024-08-29,,,71396.81,New York,Active,1
1965,Morgan,Wallace,Female,59,HR,Manager,2016-02-20,,,156835.51,Miami,Active,8
1966,Jodi,Thompson,Female,34,Finance,Supervisor,2018-07-24,,,82185.42,Miami,Active,10
1967,Joseph,Sweeney,Male,19,Marketing,Clerk,2023-02-09,,,49545.27,Miami,Active,3
1968,Gary,Rivas,Male,40,IT,Analyst,2023-07-06,,,61140.74,Los Angeles,Active,10
1969,Gary,Gordon,Male,22,HR,Associate,2018-07-05,,,47017.92,Los Angeles,Active,6
1970,Daniel,Anderson,Male,27,Marketing,Clerk,2020-07-18,,2024-08-09,35308.53,Houston,On Leave,1
1971,Jessica,Lloyd,Female,23,IT,Associate,2016-02-11,,,56672.12,Houston,Active,6
1972,Joseph,Cochran,Male,37,Finance,Manager,2024-11-07,2025-01-06,,110292.92,Chicago,Terminated,8
1973,Wayne,Hampton,Male,37,Marketing,Supervisor,2021-12-27,,,83235.13,Miami,Active,1
1974,Michael,May,Male,31,Marketing,Supervisor,2020-05-17,,,97892.63,Houston,Active,7
1975,Caleb,Contreras,Male,33,Marketing,Analyst,2015-12-27,2016-01-29,,69184.33,Houston,Terminated,4
1976,Brian,Kelly,Male,46,Sales,Manager,2016-11-24,,,149756.2,New York,Active,7
1977,Christy,Freeman,Female,25,Inventory,Clerk,2016-08-24,,,41761.19,Houston,Active,7
1978,Ruth,Skinner,Female,24,IT,Clerk,2019-06-29,,,47254.14,Miami,Active,3
1979,Brenda,Phillips,Female,22,Finance,Clerk,2017-02-06,,,36926.73,New York,Active,4
1980,Robert,Harris,Male,38,IT,Associate,2021-02-11,,2021-07-20,55292.1,Houston,On Leave,10
1981,Angela,Elliott,Female,43,Finance,Analyst,2020-09-25,,,83945.73,Chicago,Active,9
1982,James,Garcia,Male,59,Marketing,Manager,2016-10-15,,,142303.47,Houston,Active,1
1983,Amber,Sparks,Female,40,HR,Supervisor,2017-10-07,,,76715.67,Houston,Active,8
1984,Vincent,Webb,Male,24,Finance,Associate,2019-06-08,,,56276.43,New York,Active,9
1985,Karen,Stewart,Female,27,HR,Associate,2021-12-11,,,59650.98,Miami,Active,4
1986,Jason,Huang,Male,35,Sales,Analyst,2025-03-08,,,72353.92,Los Angeles,Active,7
1987,Patrick,Chase,Male,28,HR,Associate,2023-07-15,2024-03-03,,49343.51,Houston,Terminated,9
1988,Latoya,Baker,Female,27,Inventory,Associate,2016-01-25,,,60185.42,Miami,Active,2
1989,Matthew,Carpenter,Male,28,Inventory,Associate,2022-08-23,,,60076.82,Los Angeles,Active,4
1990,Kimberly,Delgado,Female,25,Finance,Clerk,2017-03-02,,,37718.46,New York,Active,8
1991,Elizabeth,Kline,Female,35,Sales,Supervisor,2018-06-12,2020-09-29,,71122.58,New York,Terminated,7
1992,Jill,Farley,Female,37,IT,Associate,2022-05-19,,,67739.43,New York,Active,1
1993,Lisa,Fischer,Female,36,Finance,Supervisor,2016-04-11,,,82114.7,Houston,Active,2
1994,Jasmine,Nichols,Female,28,Inventory,Analyst,2020-05-28,,,56000.86,Chicago,Active,2
1995,Chad,Shaffer,Male,27,HR,Analyst,2020-02-11,,,77581.73,Miami,Active,2
1996,Bradley,Jones,Male,48,Sales,Supervisor,2024-10-05,,,116834.44,Miami,Active,7
1997,Christopher,Vasquez,Male,30,Inventory,Associate,2021-09-18,,,44984.26,Chicago,Active,9
1998,Chad,Moore,Male,45,Inventory,Manager,2020-10-04,2023-03-17,,146678.1,Houston,Terminated,4
1999,Matthew,Hunter,Male,57,HR,Manager,2022-10-14,2023-12-30,,123763.7,Miami,Terminated,7
2000,Christopher,Zhang,Male,44,IT,Manager,2017-08-10,2020-04-06,,115441.33,Chicago,Terminated,5
